"dgp","metric","model","iteration","k","n_trees","value"
"dgp30","ate_estimate","bart_t-learner",1,1,75,11.5586949510115
"dgp30","ate_bias","bart_t-learner",1,1,75,1.55869495101149
"dgp30","ci_length","bart_t-learner",1,1,75,2.11424801884328
"dgp30","coverage","bart_t-learner",1,1,75,0
"dgp30","ate_estimate","bart_t-learner",1,2,75,11.751127791548
"dgp30","ate_bias","bart_t-learner",1,2,75,1.75112779154805
"dgp30","ci_length","bart_t-learner",1,2,75,2.1189708848854
"dgp30","coverage","bart_t-learner",1,2,75,0
"dgp30","ate_estimate","bart_t-learner",1,3,75,12.0338489504618
"dgp30","ate_bias","bart_t-learner",1,3,75,2.03384895046182
"dgp30","ci_length","bart_t-learner",1,3,75,2.08573212921604
"dgp30","coverage","bart_t-learner",1,3,75,0
"dgp30","ate_estimate","bart_t-learner",1,5,75,12.4904238594969
"dgp30","ate_bias","bart_t-learner",1,5,75,2.49042385949686
"dgp30","ci_length","bart_t-learner",1,5,75,2.09304896622351
"dgp30","coverage","bart_t-learner",1,5,75,0
"dgp30","ate_estimate","bart_t-learner",1,1,100,11.5706583539396
"dgp30","ate_bias","bart_t-learner",1,1,100,1.57065835393963
"dgp30","ci_length","bart_t-learner",1,1,100,2.11720018244285
"dgp30","coverage","bart_t-learner",1,1,100,0
"dgp30","ate_estimate","bart_t-learner",1,2,100,11.8072640340934
"dgp30","ate_bias","bart_t-learner",1,2,100,1.80726403409338
"dgp30","ci_length","bart_t-learner",1,2,100,2.09784485429092
"dgp30","coverage","bart_t-learner",1,2,100,0
"dgp30","ate_estimate","bart_t-learner",1,3,100,12.0725412708827
"dgp30","ate_bias","bart_t-learner",1,3,100,2.07254127088268
"dgp30","ci_length","bart_t-learner",1,3,100,2.09215255294249
"dgp30","coverage","bart_t-learner",1,3,100,0
"dgp30","ate_estimate","bart_t-learner",1,5,100,12.5762034394208
"dgp30","ate_bias","bart_t-learner",1,5,100,2.57620343942075
"dgp30","ci_length","bart_t-learner",1,5,100,2.09105948841825
"dgp30","coverage","bart_t-learner",1,5,100,0
"dgp30","ate_estimate","bart_t-learner",1,1,200,11.605810441372
"dgp30","ate_bias","bart_t-learner",1,1,200,1.605810441372
"dgp30","ci_length","bart_t-learner",1,1,200,2.12547129432225
"dgp30","coverage","bart_t-learner",1,1,200,0
"dgp30","ate_estimate","bart_t-learner",1,2,200,11.8753509706548
"dgp30","ate_bias","bart_t-learner",1,2,200,1.87535097065477
"dgp30","ci_length","bart_t-learner",1,2,200,2.05947195658905
"dgp30","coverage","bart_t-learner",1,2,200,0
"dgp30","ate_estimate","bart_t-learner",1,3,200,12.2086621138461
"dgp30","ate_bias","bart_t-learner",1,3,200,2.20866211384614
"dgp30","ci_length","bart_t-learner",1,3,200,2.10567087710428
"dgp30","coverage","bart_t-learner",1,3,200,0
"dgp30","ate_estimate","bart_t-learner",1,5,200,12.908928389816
"dgp30","ate_bias","bart_t-learner",1,5,200,2.90892838981599
"dgp30","ci_length","bart_t-learner",1,5,200,2.1051998022465
"dgp30","coverage","bart_t-learner",1,5,200,0
"dgp30","ate_estimate","bart_t-learner",2,1,75,10.0961486458847
"dgp30","ate_bias","bart_t-learner",2,1,75,0.0961486458846768
"dgp30","ci_length","bart_t-learner",2,1,75,2.0503875644614
"dgp30","coverage","bart_t-learner",2,1,75,1
"dgp30","ate_estimate","bart_t-learner",2,2,75,10.2268462251343
"dgp30","ate_bias","bart_t-learner",2,2,75,0.22684622513427
"dgp30","ci_length","bart_t-learner",2,2,75,1.96948531249788
"dgp30","coverage","bart_t-learner",2,2,75,1
"dgp30","ate_estimate","bart_t-learner",2,3,75,10.4154954297011
"dgp30","ate_bias","bart_t-learner",2,3,75,0.415495429701075
"dgp30","ci_length","bart_t-learner",2,3,75,2.02568555435802
"dgp30","coverage","bart_t-learner",2,3,75,1
"dgp30","ate_estimate","bart_t-learner",2,5,75,10.9468517258648
"dgp30","ate_bias","bart_t-learner",2,5,75,0.94685172586477
"dgp30","ci_length","bart_t-learner",2,5,75,2.01716265245751
"dgp30","coverage","bart_t-learner",2,5,75,1
"dgp30","ate_estimate","bart_t-learner",2,1,100,10.0468974593797
"dgp30","ate_bias","bart_t-learner",2,1,100,0.0468974593796663
"dgp30","ci_length","bart_t-learner",2,1,100,1.99883875377879
"dgp30","coverage","bart_t-learner",2,1,100,1
"dgp30","ate_estimate","bart_t-learner",2,2,100,10.2338032418035
"dgp30","ate_bias","bart_t-learner",2,2,100,0.23380324180355
"dgp30","ci_length","bart_t-learner",2,2,100,2.01134660637702
"dgp30","coverage","bart_t-learner",2,2,100,1
"dgp30","ate_estimate","bart_t-learner",2,3,100,10.5025604113394
"dgp30","ate_bias","bart_t-learner",2,3,100,0.502560411339381
"dgp30","ci_length","bart_t-learner",2,3,100,2.00372352580298
"dgp30","coverage","bart_t-learner",2,3,100,1
"dgp30","ate_estimate","bart_t-learner",2,5,100,11.0576345774357
"dgp30","ate_bias","bart_t-learner",2,5,100,1.05763457743574
"dgp30","ci_length","bart_t-learner",2,5,100,1.97663442517946
"dgp30","coverage","bart_t-learner",2,5,100,0
"dgp30","ate_estimate","bart_t-learner",2,1,200,9.97749523433007
"dgp30","ate_bias","bart_t-learner",2,1,200,-0.0225047656699253
"dgp30","ci_length","bart_t-learner",2,1,200,2.02732633263733
"dgp30","coverage","bart_t-learner",2,1,200,1
"dgp30","ate_estimate","bart_t-learner",2,2,200,10.2764720730351
"dgp30","ate_bias","bart_t-learner",2,2,200,0.276472073035105
"dgp30","ci_length","bart_t-learner",2,2,200,1.99517022734442
"dgp30","coverage","bart_t-learner",2,2,200,1
"dgp30","ate_estimate","bart_t-learner",2,3,200,10.5990591540004
"dgp30","ate_bias","bart_t-learner",2,3,200,0.59905915400039
"dgp30","ci_length","bart_t-learner",2,3,200,2.00058502820724
"dgp30","coverage","bart_t-learner",2,3,200,1
"dgp30","ate_estimate","bart_t-learner",2,5,200,11.3453231188911
"dgp30","ate_bias","bart_t-learner",2,5,200,1.34532311889107
"dgp30","ci_length","bart_t-learner",2,5,200,2.02362197241005
"dgp30","coverage","bart_t-learner",2,5,200,0
"dgp30","ate_estimate","bart_t-learner",3,1,75,10.6351986726172
"dgp30","ate_bias","bart_t-learner",3,1,75,0.635198672617157
"dgp30","ci_length","bart_t-learner",3,1,75,2.08230036051899
"dgp30","coverage","bart_t-learner",3,1,75,1
"dgp30","ate_estimate","bart_t-learner",3,2,75,10.8543700779435
"dgp30","ate_bias","bart_t-learner",3,2,75,0.854370077943491
"dgp30","ci_length","bart_t-learner",3,2,75,1.98329143153349
"dgp30","coverage","bart_t-learner",3,2,75,1
"dgp30","ate_estimate","bart_t-learner",3,3,75,11.0386021963284
"dgp30","ate_bias","bart_t-learner",3,3,75,1.03860219632836
"dgp30","ci_length","bart_t-learner",3,3,75,2.0119444716785
"dgp30","coverage","bart_t-learner",3,3,75,0
"dgp30","ate_estimate","bart_t-learner",3,5,75,11.4421769613371
"dgp30","ate_bias","bart_t-learner",3,5,75,1.44217696133712
"dgp30","ci_length","bart_t-learner",3,5,75,1.99780270732873
"dgp30","coverage","bart_t-learner",3,5,75,0
"dgp30","ate_estimate","bart_t-learner",3,1,100,10.6852159439379
"dgp30","ate_bias","bart_t-learner",3,1,100,0.685215943937905
"dgp30","ci_length","bart_t-learner",3,1,100,2.04351989664192
"dgp30","coverage","bart_t-learner",3,1,100,1
"dgp30","ate_estimate","bart_t-learner",3,2,100,10.9050933876849
"dgp30","ate_bias","bart_t-learner",3,2,100,0.905093387684923
"dgp30","ci_length","bart_t-learner",3,2,100,2.0233756146105
"dgp30","coverage","bart_t-learner",3,2,100,1
"dgp30","ate_estimate","bart_t-learner",3,3,100,11.1042342812153
"dgp30","ate_bias","bart_t-learner",3,3,100,1.1042342812153
"dgp30","ci_length","bart_t-learner",3,3,100,2.01210892678736
"dgp30","coverage","bart_t-learner",3,3,100,0
"dgp30","ate_estimate","bart_t-learner",3,5,100,11.5765597207423
"dgp30","ate_bias","bart_t-learner",3,5,100,1.57655972074229
"dgp30","ci_length","bart_t-learner",3,5,100,2.0532161361358
"dgp30","coverage","bart_t-learner",3,5,100,0
"dgp30","ate_estimate","bart_t-learner",3,1,200,10.6507001819164
"dgp30","ate_bias","bart_t-learner",3,1,200,0.650700181916376
"dgp30","ci_length","bart_t-learner",3,1,200,2.01979881102798
"dgp30","coverage","bart_t-learner",3,1,200,1
"dgp30","ate_estimate","bart_t-learner",3,2,200,10.9256446130041
"dgp30","ate_bias","bart_t-learner",3,2,200,0.925644613004073
"dgp30","ci_length","bart_t-learner",3,2,200,2.09948000952185
"dgp30","coverage","bart_t-learner",3,2,200,1
"dgp30","ate_estimate","bart_t-learner",3,3,200,11.2266547591977
"dgp30","ate_bias","bart_t-learner",3,3,200,1.22665475919767
"dgp30","ci_length","bart_t-learner",3,3,200,2.05690933842462
"dgp30","coverage","bart_t-learner",3,3,200,0
"dgp30","ate_estimate","bart_t-learner",3,5,200,11.8293205218036
"dgp30","ate_bias","bart_t-learner",3,5,200,1.82932052180362
"dgp30","ci_length","bart_t-learner",3,5,200,1.96647992922739
"dgp30","coverage","bart_t-learner",3,5,200,0
"dgp30","ate_estimate","bart_t-learner",4,1,75,10.9956712334479
"dgp30","ate_bias","bart_t-learner",4,1,75,0.995671233447881
"dgp30","ci_length","bart_t-learner",4,1,75,2.09128268409751
"dgp30","coverage","bart_t-learner",4,1,75,1
"dgp30","ate_estimate","bart_t-learner",4,2,75,11.2416608553694
"dgp30","ate_bias","bart_t-learner",4,2,75,1.24166085536937
"dgp30","ci_length","bart_t-learner",4,2,75,2.01820457815253
"dgp30","coverage","bart_t-learner",4,2,75,0
"dgp30","ate_estimate","bart_t-learner",4,3,75,11.4089155937091
"dgp30","ate_bias","bart_t-learner",4,3,75,1.40891559370907
"dgp30","ci_length","bart_t-learner",4,3,75,2.04938798699464
"dgp30","coverage","bart_t-learner",4,3,75,0
"dgp30","ate_estimate","bart_t-learner",4,5,75,11.9654911409095
"dgp30","ate_bias","bart_t-learner",4,5,75,1.96549114090951
"dgp30","ci_length","bart_t-learner",4,5,75,1.98729080780211
"dgp30","coverage","bart_t-learner",4,5,75,0
"dgp30","ate_estimate","bart_t-learner",4,1,100,11.0209007839226
"dgp30","ate_bias","bart_t-learner",4,1,100,1.02090078392257
"dgp30","ci_length","bart_t-learner",4,1,100,2.06598507504889
"dgp30","coverage","bart_t-learner",4,1,100,1
"dgp30","ate_estimate","bart_t-learner",4,2,100,11.2394721047583
"dgp30","ate_bias","bart_t-learner",4,2,100,1.23947210475832
"dgp30","ci_length","bart_t-learner",4,2,100,2.07126443332366
"dgp30","coverage","bart_t-learner",4,2,100,0
"dgp30","ate_estimate","bart_t-learner",4,3,100,11.506491363302
"dgp30","ate_bias","bart_t-learner",4,3,100,1.50649136330204
"dgp30","ci_length","bart_t-learner",4,3,100,2.00682223471747
"dgp30","coverage","bart_t-learner",4,3,100,0
"dgp30","ate_estimate","bart_t-learner",4,5,100,12.0782249880436
"dgp30","ate_bias","bart_t-learner",4,5,100,2.07822498804359
"dgp30","ci_length","bart_t-learner",4,5,100,2.06007282183133
"dgp30","coverage","bart_t-learner",4,5,100,0
"dgp30","ate_estimate","bart_t-learner",4,1,200,11.1200244612801
"dgp30","ate_bias","bart_t-learner",4,1,200,1.1200244612801
"dgp30","ci_length","bart_t-learner",4,1,200,2.06176282186232
"dgp30","coverage","bart_t-learner",4,1,200,0
"dgp30","ate_estimate","bart_t-learner",4,2,200,11.3827088066224
"dgp30","ate_bias","bart_t-learner",4,2,200,1.38270880662245
"dgp30","ci_length","bart_t-learner",4,2,200,1.98032784386992
"dgp30","coverage","bart_t-learner",4,2,200,0
"dgp30","ate_estimate","bart_t-learner",4,3,200,11.686997307541
"dgp30","ate_bias","bart_t-learner",4,3,200,1.68699730754098
"dgp30","ci_length","bart_t-learner",4,3,200,2.01450787006825
"dgp30","coverage","bart_t-learner",4,3,200,0
"dgp30","ate_estimate","bart_t-learner",4,5,200,12.3571426616149
"dgp30","ate_bias","bart_t-learner",4,5,200,2.35714266161485
"dgp30","ci_length","bart_t-learner",4,5,200,1.94784502319292
"dgp30","coverage","bart_t-learner",4,5,200,0
"dgp30","ate_estimate","bart_t-learner",5,1,75,10.0514582316929
"dgp30","ate_bias","bart_t-learner",5,1,75,0.0514582316929015
"dgp30","ci_length","bart_t-learner",5,1,75,1.99030889891298
"dgp30","coverage","bart_t-learner",5,1,75,1
"dgp30","ate_estimate","bart_t-learner",5,2,75,10.2391735709934
"dgp30","ate_bias","bart_t-learner",5,2,75,0.239173570993362
"dgp30","ci_length","bart_t-learner",5,2,75,1.9792370609825
"dgp30","coverage","bart_t-learner",5,2,75,1
"dgp30","ate_estimate","bart_t-learner",5,3,75,10.512080999269
"dgp30","ate_bias","bart_t-learner",5,3,75,0.512080999268973
"dgp30","ci_length","bart_t-learner",5,3,75,2.01317274954839
"dgp30","coverage","bart_t-learner",5,3,75,1
"dgp30","ate_estimate","bart_t-learner",5,5,75,11.0564881394517
"dgp30","ate_bias","bart_t-learner",5,5,75,1.05648813945175
"dgp30","ci_length","bart_t-learner",5,5,75,1.98467164088979
"dgp30","coverage","bart_t-learner",5,5,75,0
"dgp30","ate_estimate","bart_t-learner",5,1,100,10.044723023169
"dgp30","ate_bias","bart_t-learner",5,1,100,0.044723023168979
"dgp30","ci_length","bart_t-learner",5,1,100,2.05879524267283
"dgp30","coverage","bart_t-learner",5,1,100,1
"dgp30","ate_estimate","bart_t-learner",5,2,100,10.2826064180203
"dgp30","ate_bias","bart_t-learner",5,2,100,0.282606418020343
"dgp30","ci_length","bart_t-learner",5,2,100,1.97878923270463
"dgp30","coverage","bart_t-learner",5,2,100,1
"dgp30","ate_estimate","bart_t-learner",5,3,100,10.5783489916741
"dgp30","ate_bias","bart_t-learner",5,3,100,0.578348991674147
"dgp30","ci_length","bart_t-learner",5,3,100,1.98190749102549
"dgp30","coverage","bart_t-learner",5,3,100,1
"dgp30","ate_estimate","bart_t-learner",5,5,100,11.1930365578922
"dgp30","ate_bias","bart_t-learner",5,5,100,1.19303655789217
"dgp30","ci_length","bart_t-learner",5,5,100,1.94864496499181
"dgp30","coverage","bart_t-learner",5,5,100,0
"dgp30","ate_estimate","bart_t-learner",5,1,200,10.000156803076
"dgp30","ate_bias","bart_t-learner",5,1,200,0.000156803075961776
"dgp30","ci_length","bart_t-learner",5,1,200,1.97261480744308
"dgp30","coverage","bart_t-learner",5,1,200,1
"dgp30","ate_estimate","bart_t-learner",5,2,200,10.3872289050712
"dgp30","ate_bias","bart_t-learner",5,2,200,0.387228905071154
"dgp30","ci_length","bart_t-learner",5,2,200,1.95517273097758
"dgp30","coverage","bart_t-learner",5,2,200,1
"dgp30","ate_estimate","bart_t-learner",5,3,200,10.7678974940684
"dgp30","ate_bias","bart_t-learner",5,3,200,0.767897494068444
"dgp30","ci_length","bart_t-learner",5,3,200,1.99546141685507
"dgp30","coverage","bart_t-learner",5,3,200,1
"dgp30","ate_estimate","bart_t-learner",5,5,200,11.54831185791
"dgp30","ate_bias","bart_t-learner",5,5,200,1.54831185790998
"dgp30","ci_length","bart_t-learner",5,5,200,1.94367222926104
"dgp30","coverage","bart_t-learner",5,5,200,0
"dgp30","ate_estimate","bart_t-learner",6,1,75,11.27521216516
"dgp30","ate_bias","bart_t-learner",6,1,75,1.27521216515997
"dgp30","ci_length","bart_t-learner",6,1,75,2.06972997015064
"dgp30","coverage","bart_t-learner",6,1,75,0
"dgp30","ate_estimate","bart_t-learner",6,2,75,11.5090124436451
"dgp30","ate_bias","bart_t-learner",6,2,75,1.50901244364508
"dgp30","ci_length","bart_t-learner",6,2,75,2.09084567555576
"dgp30","coverage","bart_t-learner",6,2,75,0
"dgp30","ate_estimate","bart_t-learner",6,3,75,11.7799980422439
"dgp30","ate_bias","bart_t-learner",6,3,75,1.7799980422439
"dgp30","ci_length","bart_t-learner",6,3,75,2.00844938964696
"dgp30","coverage","bart_t-learner",6,3,75,0
"dgp30","ate_estimate","bart_t-learner",6,5,75,12.3614261114495
"dgp30","ate_bias","bart_t-learner",6,5,75,2.36142611144949
"dgp30","ci_length","bart_t-learner",6,5,75,2.03395995205226
"dgp30","coverage","bart_t-learner",6,5,75,0
"dgp30","ate_estimate","bart_t-learner",6,1,100,11.189305374098
"dgp30","ate_bias","bart_t-learner",6,1,100,1.18930537409804
"dgp30","ci_length","bart_t-learner",6,1,100,2.04406850092438
"dgp30","coverage","bart_t-learner",6,1,100,0
"dgp30","ate_estimate","bart_t-learner",6,2,100,11.5032985105618
"dgp30","ate_bias","bart_t-learner",6,2,100,1.50329851056185
"dgp30","ci_length","bart_t-learner",6,2,100,2.09624636139415
"dgp30","coverage","bart_t-learner",6,2,100,0
"dgp30","ate_estimate","bart_t-learner",6,3,100,11.844711327378
"dgp30","ate_bias","bart_t-learner",6,3,100,1.84471132737804
"dgp30","ci_length","bart_t-learner",6,3,100,2.05961310636307
"dgp30","coverage","bart_t-learner",6,3,100,0
"dgp30","ate_estimate","bart_t-learner",6,5,100,12.4437084605629
"dgp30","ate_bias","bart_t-learner",6,5,100,2.44370846056288
"dgp30","ci_length","bart_t-learner",6,5,100,2.003809303458
"dgp30","coverage","bart_t-learner",6,5,100,0
"dgp30","ate_estimate","bart_t-learner",6,1,200,11.1617003266339
"dgp30","ate_bias","bart_t-learner",6,1,200,1.16170032663388
"dgp30","ci_length","bart_t-learner",6,1,200,2.1128968188261
"dgp30","coverage","bart_t-learner",6,1,200,0
"dgp30","ate_estimate","bart_t-learner",6,2,200,11.5546282891892
"dgp30","ate_bias","bart_t-learner",6,2,200,1.55462828918918
"dgp30","ci_length","bart_t-learner",6,2,200,2.06162288001244
"dgp30","coverage","bart_t-learner",6,2,200,0
"dgp30","ate_estimate","bart_t-learner",6,3,200,11.9587019110978
"dgp30","ate_bias","bart_t-learner",6,3,200,1.95870191109778
"dgp30","ci_length","bart_t-learner",6,3,200,2.08081199010736
"dgp30","coverage","bart_t-learner",6,3,200,0
"dgp30","ate_estimate","bart_t-learner",6,5,200,12.729185660158
"dgp30","ate_bias","bart_t-learner",6,5,200,2.72918566015796
"dgp30","ci_length","bart_t-learner",6,5,200,2.04610403591315
"dgp30","coverage","bart_t-learner",6,5,200,0
"dgp30","ate_estimate","bart_t-learner",7,1,75,10.8402707553953
"dgp30","ate_bias","bart_t-learner",7,1,75,0.840270755395345
"dgp30","ci_length","bart_t-learner",7,1,75,1.96238050561515
"dgp30","coverage","bart_t-learner",7,1,75,1
"dgp30","ate_estimate","bart_t-learner",7,2,75,11.0207879158953
"dgp30","ate_bias","bart_t-learner",7,2,75,1.02078791589533
"dgp30","ci_length","bart_t-learner",7,2,75,2.02001495799583
"dgp30","coverage","bart_t-learner",7,2,75,0
"dgp30","ate_estimate","bart_t-learner",7,3,75,11.2309825870829
"dgp30","ate_bias","bart_t-learner",7,3,75,1.23098258708293
"dgp30","ci_length","bart_t-learner",7,3,75,1.87768989531799
"dgp30","coverage","bart_t-learner",7,3,75,0
"dgp30","ate_estimate","bart_t-learner",7,5,75,11.7133389706218
"dgp30","ate_bias","bart_t-learner",7,5,75,1.71333897062179
"dgp30","ci_length","bart_t-learner",7,5,75,1.88593579319521
"dgp30","coverage","bart_t-learner",7,5,75,0
"dgp30","ate_estimate","bart_t-learner",7,1,100,10.8306109630151
"dgp30","ate_bias","bart_t-learner",7,1,100,0.830610963015058
"dgp30","ci_length","bart_t-learner",7,1,100,1.88479375942486
"dgp30","coverage","bart_t-learner",7,1,100,1
"dgp30","ate_estimate","bart_t-learner",7,2,100,11.0782858660237
"dgp30","ate_bias","bart_t-learner",7,2,100,1.07828586602372
"dgp30","ci_length","bart_t-learner",7,2,100,1.90979660668977
"dgp30","coverage","bart_t-learner",7,2,100,0
"dgp30","ate_estimate","bart_t-learner",7,3,100,11.3155591961474
"dgp30","ate_bias","bart_t-learner",7,3,100,1.31555919614742
"dgp30","ci_length","bart_t-learner",7,3,100,1.89574600963731
"dgp30","coverage","bart_t-learner",7,3,100,0
"dgp30","ate_estimate","bart_t-learner",7,5,100,11.8510112712232
"dgp30","ate_bias","bart_t-learner",7,5,100,1.85101127122324
"dgp30","ci_length","bart_t-learner",7,5,100,1.93705466901483
"dgp30","coverage","bart_t-learner",7,5,100,0
"dgp30","ate_estimate","bart_t-learner",7,1,200,10.7973670404231
"dgp30","ate_bias","bart_t-learner",7,1,200,0.797367040423126
"dgp30","ci_length","bart_t-learner",7,1,200,1.91740941447945
"dgp30","coverage","bart_t-learner",7,1,200,1
"dgp30","ate_estimate","bart_t-learner",7,2,200,11.148764353038
"dgp30","ate_bias","bart_t-learner",7,2,200,1.14876435303803
"dgp30","ci_length","bart_t-learner",7,2,200,1.93857799024175
"dgp30","coverage","bart_t-learner",7,2,200,0
"dgp30","ate_estimate","bart_t-learner",7,3,200,11.4500702474963
"dgp30","ate_bias","bart_t-learner",7,3,200,1.45007024749635
"dgp30","ci_length","bart_t-learner",7,3,200,1.93506692690374
"dgp30","coverage","bart_t-learner",7,3,200,0
"dgp30","ate_estimate","bart_t-learner",7,5,200,12.1666169035989
"dgp30","ate_bias","bart_t-learner",7,5,200,2.16661690359894
"dgp30","ci_length","bart_t-learner",7,5,200,1.93207928916539
"dgp30","coverage","bart_t-learner",7,5,200,0
"dgp30","ate_estimate","bart_t-learner",8,1,75,11.2008870132247
"dgp30","ate_bias","bart_t-learner",8,1,75,1.20088701322473
"dgp30","ci_length","bart_t-learner",8,1,75,2.07408476344561
"dgp30","coverage","bart_t-learner",8,1,75,0
"dgp30","ate_estimate","bart_t-learner",8,2,75,11.4732830042176
"dgp30","ate_bias","bart_t-learner",8,2,75,1.47328300421763
"dgp30","ci_length","bart_t-learner",8,2,75,2.02681654672073
"dgp30","coverage","bart_t-learner",8,2,75,0
"dgp30","ate_estimate","bart_t-learner",8,3,75,11.8425674489445
"dgp30","ate_bias","bart_t-learner",8,3,75,1.84256744894447
"dgp30","ci_length","bart_t-learner",8,3,75,2.01451659687038
"dgp30","coverage","bart_t-learner",8,3,75,0
"dgp30","ate_estimate","bart_t-learner",8,5,75,12.5046927112382
"dgp30","ate_bias","bart_t-learner",8,5,75,2.50469271123822
"dgp30","ci_length","bart_t-learner",8,5,75,2.08436964312352
"dgp30","coverage","bart_t-learner",8,5,75,0
"dgp30","ate_estimate","bart_t-learner",8,1,100,11.191707757724
"dgp30","ate_bias","bart_t-learner",8,1,100,1.19170775772402
"dgp30","ci_length","bart_t-learner",8,1,100,1.9991773164621
"dgp30","coverage","bart_t-learner",8,1,100,0
"dgp30","ate_estimate","bart_t-learner",8,2,100,11.5439961793574
"dgp30","ate_bias","bart_t-learner",8,2,100,1.54399617935739
"dgp30","ci_length","bart_t-learner",8,2,100,2.04855033608998
"dgp30","coverage","bart_t-learner",8,2,100,0
"dgp30","ate_estimate","bart_t-learner",8,3,100,11.8951807854826
"dgp30","ate_bias","bart_t-learner",8,3,100,1.89518078548263
"dgp30","ci_length","bart_t-learner",8,3,100,2.03031848059663
"dgp30","coverage","bart_t-learner",8,3,100,0
"dgp30","ate_estimate","bart_t-learner",8,5,100,12.6208692108697
"dgp30","ate_bias","bart_t-learner",8,5,100,2.62086921086966
"dgp30","ci_length","bart_t-learner",8,5,100,2.0352782640373
"dgp30","coverage","bart_t-learner",8,5,100,0
"dgp30","ate_estimate","bart_t-learner",8,1,200,11.2489591059983
"dgp30","ate_bias","bart_t-learner",8,1,200,1.24895910599833
"dgp30","ci_length","bart_t-learner",8,1,200,2.03441033259966
"dgp30","coverage","bart_t-learner",8,1,200,0
"dgp30","ate_estimate","bart_t-learner",8,2,200,11.674294164956
"dgp30","ate_bias","bart_t-learner",8,2,200,1.67429416495599
"dgp30","ci_length","bart_t-learner",8,2,200,2.04769230752974
"dgp30","coverage","bart_t-learner",8,2,200,0
"dgp30","ate_estimate","bart_t-learner",8,3,200,12.1488560086216
"dgp30","ate_bias","bart_t-learner",8,3,200,2.14885600862165
"dgp30","ci_length","bart_t-learner",8,3,200,2.00890591966012
"dgp30","coverage","bart_t-learner",8,3,200,0
"dgp30","ate_estimate","bart_t-learner",8,5,200,13.0725537457077
"dgp30","ate_bias","bart_t-learner",8,5,200,3.07255374570773
"dgp30","ci_length","bart_t-learner",8,5,200,2.01509583673535
"dgp30","coverage","bart_t-learner",8,5,200,0
"dgp30","ate_estimate","bart_t-learner",9,1,75,11.3973350659204
"dgp30","ate_bias","bart_t-learner",9,1,75,1.39733506592035
"dgp30","ci_length","bart_t-learner",9,1,75,1.99284901976007
"dgp30","coverage","bart_t-learner",9,1,75,0
"dgp30","ate_estimate","bart_t-learner",9,2,75,11.4514786443168
"dgp30","ate_bias","bart_t-learner",9,2,75,1.45147864431677
"dgp30","ci_length","bart_t-learner",9,2,75,1.96810640357666
"dgp30","coverage","bart_t-learner",9,2,75,0
"dgp30","ate_estimate","bart_t-learner",9,3,75,11.6154439559763
"dgp30","ate_bias","bart_t-learner",9,3,75,1.61544395597627
"dgp30","ci_length","bart_t-learner",9,3,75,1.98568130118164
"dgp30","coverage","bart_t-learner",9,3,75,0
"dgp30","ate_estimate","bart_t-learner",9,5,75,12.0598215918275
"dgp30","ate_bias","bart_t-learner",9,5,75,2.05982159182754
"dgp30","ci_length","bart_t-learner",9,5,75,1.97625803187867
"dgp30","coverage","bart_t-learner",9,5,75,0
"dgp30","ate_estimate","bart_t-learner",9,1,100,11.2761991282541
"dgp30","ate_bias","bart_t-learner",9,1,100,1.27619912825413
"dgp30","ci_length","bart_t-learner",9,1,100,2.03958215206846
"dgp30","coverage","bart_t-learner",9,1,100,0
"dgp30","ate_estimate","bart_t-learner",9,2,100,11.4203870623862
"dgp30","ate_bias","bart_t-learner",9,2,100,1.42038706238622
"dgp30","ci_length","bart_t-learner",9,2,100,1.98664252368257
"dgp30","coverage","bart_t-learner",9,2,100,0
"dgp30","ate_estimate","bart_t-learner",9,3,100,11.6440754799119
"dgp30","ate_bias","bart_t-learner",9,3,100,1.64407547991192
"dgp30","ci_length","bart_t-learner",9,3,100,1.98028817619073
"dgp30","coverage","bart_t-learner",9,3,100,0
"dgp30","ate_estimate","bart_t-learner",9,5,100,12.1475445250522
"dgp30","ate_bias","bart_t-learner",9,5,100,2.14754452505221
"dgp30","ci_length","bart_t-learner",9,5,100,2.00664872730917
"dgp30","coverage","bart_t-learner",9,5,100,0
"dgp30","ate_estimate","bart_t-learner",9,1,200,11.2229588279441
"dgp30","ate_bias","bart_t-learner",9,1,200,1.22295882794408
"dgp30","ci_length","bart_t-learner",9,1,200,1.99582064278863
"dgp30","coverage","bart_t-learner",9,1,200,0
"dgp30","ate_estimate","bart_t-learner",9,2,200,11.4812514322032
"dgp30","ate_bias","bart_t-learner",9,2,200,1.4812514322032
"dgp30","ci_length","bart_t-learner",9,2,200,2.00161538551054
"dgp30","coverage","bart_t-learner",9,2,200,0
"dgp30","ate_estimate","bart_t-learner",9,3,200,11.8189794075394
"dgp30","ate_bias","bart_t-learner",9,3,200,1.81897940753941
"dgp30","ci_length","bart_t-learner",9,3,200,1.97501838881524
"dgp30","coverage","bart_t-learner",9,3,200,0
"dgp30","ate_estimate","bart_t-learner",9,5,200,12.4272432229188
"dgp30","ate_bias","bart_t-learner",9,5,200,2.42724322291876
"dgp30","ci_length","bart_t-learner",9,5,200,1.95887860624673
"dgp30","coverage","bart_t-learner",9,5,200,0
"dgp30","ate_estimate","bart_t-learner",10,1,75,10.2967129471469
"dgp30","ate_bias","bart_t-learner",10,1,75,0.296712947146931
"dgp30","ci_length","bart_t-learner",10,1,75,1.90873819988213
"dgp30","coverage","bart_t-learner",10,1,75,1
"dgp30","ate_estimate","bart_t-learner",10,2,75,10.4264426857313
"dgp30","ate_bias","bart_t-learner",10,2,75,0.426442685731251
"dgp30","ci_length","bart_t-learner",10,2,75,1.86385582085415
"dgp30","coverage","bart_t-learner",10,2,75,1
"dgp30","ate_estimate","bart_t-learner",10,3,75,10.5804985700533
"dgp30","ate_bias","bart_t-learner",10,3,75,0.580498570053317
"dgp30","ci_length","bart_t-learner",10,3,75,1.90542153288175
"dgp30","coverage","bart_t-learner",10,3,75,1
"dgp30","ate_estimate","bart_t-learner",10,5,75,11.0654084619346
"dgp30","ate_bias","bart_t-learner",10,5,75,1.06540846193464
"dgp30","ci_length","bart_t-learner",10,5,75,1.92990861687979
"dgp30","coverage","bart_t-learner",10,5,75,0
"dgp30","ate_estimate","bart_t-learner",10,1,100,10.2141681155492
"dgp30","ate_bias","bart_t-learner",10,1,100,0.214168115549237
"dgp30","ci_length","bart_t-learner",10,1,100,1.95972318072715
"dgp30","coverage","bart_t-learner",10,1,100,1
"dgp30","ate_estimate","bart_t-learner",10,2,100,10.4137213674669
"dgp30","ate_bias","bart_t-learner",10,2,100,0.413721367466939
"dgp30","ci_length","bart_t-learner",10,2,100,1.9572037512658
"dgp30","coverage","bart_t-learner",10,2,100,1
"dgp30","ate_estimate","bart_t-learner",10,3,100,10.6355880292042
"dgp30","ate_bias","bart_t-learner",10,3,100,0.635588029204213
"dgp30","ci_length","bart_t-learner",10,3,100,1.93474589571778
"dgp30","coverage","bart_t-learner",10,3,100,1
"dgp30","ate_estimate","bart_t-learner",10,5,100,11.1692133917355
"dgp30","ate_bias","bart_t-learner",10,5,100,1.16921339173548
"dgp30","ci_length","bart_t-learner",10,5,100,1.91824875129869
"dgp30","coverage","bart_t-learner",10,5,100,0
"dgp30","ate_estimate","bart_t-learner",10,1,200,10.1536684368584
"dgp30","ate_bias","bart_t-learner",10,1,200,0.153668436858418
"dgp30","ci_length","bart_t-learner",10,1,200,1.97546884617635
"dgp30","coverage","bart_t-learner",10,1,200,1
"dgp30","ate_estimate","bart_t-learner",10,2,200,10.4793646764118
"dgp30","ate_bias","bart_t-learner",10,2,200,0.479364676411834
"dgp30","ci_length","bart_t-learner",10,2,200,1.95595508206654
"dgp30","coverage","bart_t-learner",10,2,200,1
"dgp30","ate_estimate","bart_t-learner",10,3,200,10.7874121447576
"dgp30","ate_bias","bart_t-learner",10,3,200,0.787412144757571
"dgp30","ci_length","bart_t-learner",10,3,200,1.92557413862888
"dgp30","coverage","bart_t-learner",10,3,200,1
"dgp30","ate_estimate","bart_t-learner",10,5,200,11.4590044639995
"dgp30","ate_bias","bart_t-learner",10,5,200,1.45900446399953
"dgp30","ci_length","bart_t-learner",10,5,200,1.94611508082581
"dgp30","coverage","bart_t-learner",10,5,200,0
"dgp30","ate_estimate","bart_t-learner",11,1,75,10.6012304108516
"dgp30","ate_bias","bart_t-learner",11,1,75,0.601230410851608
"dgp30","ci_length","bart_t-learner",11,1,75,2.12845161568718
"dgp30","coverage","bart_t-learner",11,1,75,1
"dgp30","ate_estimate","bart_t-learner",11,2,75,10.8312480725781
"dgp30","ate_bias","bart_t-learner",11,2,75,0.831248072578104
"dgp30","ci_length","bart_t-learner",11,2,75,2.01451295050066
"dgp30","coverage","bart_t-learner",11,2,75,1
"dgp30","ate_estimate","bart_t-learner",11,3,75,11.1295863378955
"dgp30","ate_bias","bart_t-learner",11,3,75,1.12958633789547
"dgp30","ci_length","bart_t-learner",11,3,75,2.04153401208584
"dgp30","coverage","bart_t-learner",11,3,75,0
"dgp30","ate_estimate","bart_t-learner",11,5,75,11.7303358347319
"dgp30","ate_bias","bart_t-learner",11,5,75,1.73033583473193
"dgp30","ci_length","bart_t-learner",11,5,75,2.05689043833476
"dgp30","coverage","bart_t-learner",11,5,75,0
"dgp30","ate_estimate","bart_t-learner",11,1,100,10.6062939273829
"dgp30","ate_bias","bart_t-learner",11,1,100,0.606293927382859
"dgp30","ci_length","bart_t-learner",11,1,100,2.0477700734111
"dgp30","coverage","bart_t-learner",11,1,100,1
"dgp30","ate_estimate","bart_t-learner",11,2,100,10.902934801565
"dgp30","ate_bias","bart_t-learner",11,2,100,0.902934801565021
"dgp30","ci_length","bart_t-learner",11,2,100,2.11183259089976
"dgp30","coverage","bart_t-learner",11,2,100,1
"dgp30","ate_estimate","bart_t-learner",11,3,100,11.2185367925682
"dgp30","ate_bias","bart_t-learner",11,3,100,1.21853679256817
"dgp30","ci_length","bart_t-learner",11,3,100,2.0221072761449
"dgp30","coverage","bart_t-learner",11,3,100,0
"dgp30","ate_estimate","bart_t-learner",11,5,100,11.8456512821347
"dgp30","ate_bias","bart_t-learner",11,5,100,1.84565128213471
"dgp30","ci_length","bart_t-learner",11,5,100,2.06242151448094
"dgp30","coverage","bart_t-learner",11,5,100,0
"dgp30","ate_estimate","bart_t-learner",11,1,200,10.5530686215572
"dgp30","ate_bias","bart_t-learner",11,1,200,0.553068621557241
"dgp30","ci_length","bart_t-learner",11,1,200,2.07231003551939
"dgp30","coverage","bart_t-learner",11,1,200,1
"dgp30","ate_estimate","bart_t-learner",11,2,200,10.9695528312018
"dgp30","ate_bias","bart_t-learner",11,2,200,0.969552831201787
"dgp30","ci_length","bart_t-learner",11,2,200,2.03918696529107
"dgp30","coverage","bart_t-learner",11,2,200,1
"dgp30","ate_estimate","bart_t-learner",11,3,200,11.3781755752683
"dgp30","ate_bias","bart_t-learner",11,3,200,1.37817557526832
"dgp30","ci_length","bart_t-learner",11,3,200,2.01849371642511
"dgp30","coverage","bart_t-learner",11,3,200,0
"dgp30","ate_estimate","bart_t-learner",11,5,200,12.1491392673303
"dgp30","ate_bias","bart_t-learner",11,5,200,2.14913926733033
"dgp30","ci_length","bart_t-learner",11,5,200,2.03346302656451
"dgp30","coverage","bart_t-learner",11,5,200,0
"dgp30","ate_estimate","bart_t-learner",12,1,75,10.2701008506972
"dgp30","ate_bias","bart_t-learner",12,1,75,0.270100850697247
"dgp30","ci_length","bart_t-learner",12,1,75,1.95929250008207
"dgp30","coverage","bart_t-learner",12,1,75,1
"dgp30","ate_estimate","bart_t-learner",12,2,75,10.4664196613198
"dgp30","ate_bias","bart_t-learner",12,2,75,0.466419661319831
"dgp30","ci_length","bart_t-learner",12,2,75,2.01981611609222
"dgp30","coverage","bart_t-learner",12,2,75,1
"dgp30","ate_estimate","bart_t-learner",12,3,75,10.7258104822565
"dgp30","ate_bias","bart_t-learner",12,3,75,0.725810482256493
"dgp30","ci_length","bart_t-learner",12,3,75,2.11478328752347
"dgp30","coverage","bart_t-learner",12,3,75,1
"dgp30","ate_estimate","bart_t-learner",12,5,75,11.2549058903791
"dgp30","ate_bias","bart_t-learner",12,5,75,1.25490589037914
"dgp30","ci_length","bart_t-learner",12,5,75,2.01750310846042
"dgp30","coverage","bart_t-learner",12,5,75,0
"dgp30","ate_estimate","bart_t-learner",12,1,100,10.2887741939067
"dgp30","ate_bias","bart_t-learner",12,1,100,0.288774193906672
"dgp30","ci_length","bart_t-learner",12,1,100,1.97756698027702
"dgp30","coverage","bart_t-learner",12,1,100,1
"dgp30","ate_estimate","bart_t-learner",12,2,100,10.5141203788222
"dgp30","ate_bias","bart_t-learner",12,2,100,0.514120378822181
"dgp30","ci_length","bart_t-learner",12,2,100,1.92936631126606
"dgp30","coverage","bart_t-learner",12,2,100,1
"dgp30","ate_estimate","bart_t-learner",12,3,100,10.8101611552463
"dgp30","ate_bias","bart_t-learner",12,3,100,0.81016115524627
"dgp30","ci_length","bart_t-learner",12,3,100,1.99518673680696
"dgp30","coverage","bart_t-learner",12,3,100,1
"dgp30","ate_estimate","bart_t-learner",12,5,100,11.3512359483358
"dgp30","ate_bias","bart_t-learner",12,5,100,1.35123594833576
"dgp30","ci_length","bart_t-learner",12,5,100,1.94327922447699
"dgp30","coverage","bart_t-learner",12,5,100,0
"dgp30","ate_estimate","bart_t-learner",12,1,200,10.3566714189339
"dgp30","ate_bias","bart_t-learner",12,1,200,0.356671418933864
"dgp30","ci_length","bart_t-learner",12,1,200,1.99225100012575
"dgp30","coverage","bart_t-learner",12,1,200,1
"dgp30","ate_estimate","bart_t-learner",12,2,200,10.6663434661774
"dgp30","ate_bias","bart_t-learner",12,2,200,0.6663434661774
"dgp30","ci_length","bart_t-learner",12,2,200,1.96593933219293
"dgp30","coverage","bart_t-learner",12,2,200,1
"dgp30","ate_estimate","bart_t-learner",12,3,200,10.9841277096092
"dgp30","ate_bias","bart_t-learner",12,3,200,0.984127709609194
"dgp30","ci_length","bart_t-learner",12,3,200,2.00165784406049
"dgp30","coverage","bart_t-learner",12,3,200,1
"dgp30","ate_estimate","bart_t-learner",12,5,200,11.719762253549
"dgp30","ate_bias","bart_t-learner",12,5,200,1.71976225354897
"dgp30","ci_length","bart_t-learner",12,5,200,1.96437486396429
"dgp30","coverage","bart_t-learner",12,5,200,0
"dgp30","ate_estimate","bart_t-learner",13,1,75,10.7770791018401
"dgp30","ate_bias","bart_t-learner",13,1,75,0.777079101840149
"dgp30","ci_length","bart_t-learner",13,1,75,1.97773429630477
"dgp30","coverage","bart_t-learner",13,1,75,1
"dgp30","ate_estimate","bart_t-learner",13,2,75,10.8245320861392
"dgp30","ate_bias","bart_t-learner",13,2,75,0.82453208613922
"dgp30","ci_length","bart_t-learner",13,2,75,1.9330667031488
"dgp30","coverage","bart_t-learner",13,2,75,1
"dgp30","ate_estimate","bart_t-learner",13,3,75,11.1285274575382
"dgp30","ate_bias","bart_t-learner",13,3,75,1.12852745753816
"dgp30","ci_length","bart_t-learner",13,3,75,1.94333604032007
"dgp30","coverage","bart_t-learner",13,3,75,0
"dgp30","ate_estimate","bart_t-learner",13,5,75,11.5419153106612
"dgp30","ate_bias","bart_t-learner",13,5,75,1.54191531066121
"dgp30","ci_length","bart_t-learner",13,5,75,1.92682525779425
"dgp30","coverage","bart_t-learner",13,5,75,0
"dgp30","ate_estimate","bart_t-learner",13,1,100,10.7858367007468
"dgp30","ate_bias","bart_t-learner",13,1,100,0.785836700746824
"dgp30","ci_length","bart_t-learner",13,1,100,1.9056753134405
"dgp30","coverage","bart_t-learner",13,1,100,1
"dgp30","ate_estimate","bart_t-learner",13,2,100,10.9242415098275
"dgp30","ate_bias","bart_t-learner",13,2,100,0.924241509827452
"dgp30","ci_length","bart_t-learner",13,2,100,1.91120318336361
"dgp30","coverage","bart_t-learner",13,2,100,1
"dgp30","ate_estimate","bart_t-learner",13,3,100,11.1561446828821
"dgp30","ate_bias","bart_t-learner",13,3,100,1.15614468288209
"dgp30","ci_length","bart_t-learner",13,3,100,1.95062390268277
"dgp30","coverage","bart_t-learner",13,3,100,0
"dgp30","ate_estimate","bart_t-learner",13,5,100,11.6038168206367
"dgp30","ate_bias","bart_t-learner",13,5,100,1.60381682063675
"dgp30","ci_length","bart_t-learner",13,5,100,1.98373171040328
"dgp30","coverage","bart_t-learner",13,5,100,0
"dgp30","ate_estimate","bart_t-learner",13,1,200,10.7792592893171
"dgp30","ate_bias","bart_t-learner",13,1,200,0.779259289317102
"dgp30","ci_length","bart_t-learner",13,1,200,1.94288914503249
"dgp30","coverage","bart_t-learner",13,1,200,1
"dgp30","ate_estimate","bart_t-learner",13,2,200,11.0013697708546
"dgp30","ate_bias","bart_t-learner",13,2,200,1.00136977085463
"dgp30","ci_length","bart_t-learner",13,2,200,1.93852809991455
"dgp30","coverage","bart_t-learner",13,2,200,0
"dgp30","ate_estimate","bart_t-learner",13,3,200,11.2948887488363
"dgp30","ate_bias","bart_t-learner",13,3,200,1.29488874883629
"dgp30","ci_length","bart_t-learner",13,3,200,1.96427589180287
"dgp30","coverage","bart_t-learner",13,3,200,0
"dgp30","ate_estimate","bart_t-learner",13,5,200,11.9363815292385
"dgp30","ate_bias","bart_t-learner",13,5,200,1.9363815292385
"dgp30","ci_length","bart_t-learner",13,5,200,1.95911249929911
"dgp30","coverage","bart_t-learner",13,5,200,0
"dgp30","ate_estimate","bart_t-learner",14,1,75,10.9385049279256
"dgp30","ate_bias","bart_t-learner",14,1,75,0.938504927925552
"dgp30","ci_length","bart_t-learner",14,1,75,2.06630958635011
"dgp30","coverage","bart_t-learner",14,1,75,1
"dgp30","ate_estimate","bart_t-learner",14,2,75,11.1805284767196
"dgp30","ate_bias","bart_t-learner",14,2,75,1.18052847671957
"dgp30","ci_length","bart_t-learner",14,2,75,2.05842520672115
"dgp30","coverage","bart_t-learner",14,2,75,0
"dgp30","ate_estimate","bart_t-learner",14,3,75,11.412562416024
"dgp30","ate_bias","bart_t-learner",14,3,75,1.41256241602405
"dgp30","ci_length","bart_t-learner",14,3,75,2.02607335141719
"dgp30","coverage","bart_t-learner",14,3,75,0
"dgp30","ate_estimate","bart_t-learner",14,5,75,11.9435893155161
"dgp30","ate_bias","bart_t-learner",14,5,75,1.94358931551613
"dgp30","ci_length","bart_t-learner",14,5,75,2.05124725191004
"dgp30","coverage","bart_t-learner",14,5,75,0
"dgp30","ate_estimate","bart_t-learner",14,1,100,10.905747903726
"dgp30","ate_bias","bart_t-learner",14,1,100,0.905747903725951
"dgp30","ci_length","bart_t-learner",14,1,100,2.07298609992075
"dgp30","coverage","bart_t-learner",14,1,100,1
"dgp30","ate_estimate","bart_t-learner",14,2,100,11.1642610325088
"dgp30","ate_bias","bart_t-learner",14,2,100,1.16426103250881
"dgp30","ci_length","bart_t-learner",14,2,100,2.08304078873516
"dgp30","coverage","bart_t-learner",14,2,100,0
"dgp30","ate_estimate","bart_t-learner",14,3,100,11.4533975609274
"dgp30","ate_bias","bart_t-learner",14,3,100,1.4533975609274
"dgp30","ci_length","bart_t-learner",14,3,100,2.00324459635042
"dgp30","coverage","bart_t-learner",14,3,100,0
"dgp30","ate_estimate","bart_t-learner",14,5,100,12.0435956001757
"dgp30","ate_bias","bart_t-learner",14,5,100,2.04359560017574
"dgp30","ci_length","bart_t-learner",14,5,100,1.9967593172419
"dgp30","coverage","bart_t-learner",14,5,100,0
"dgp30","ate_estimate","bart_t-learner",14,1,200,10.8210766333182
"dgp30","ate_bias","bart_t-learner",14,1,200,0.821076633318182
"dgp30","ci_length","bart_t-learner",14,1,200,2.02734191544297
"dgp30","coverage","bart_t-learner",14,1,200,1
"dgp30","ate_estimate","bart_t-learner",14,2,200,11.1868649600735
"dgp30","ate_bias","bart_t-learner",14,2,200,1.1868649600735
"dgp30","ci_length","bart_t-learner",14,2,200,2.03231529936548
"dgp30","coverage","bart_t-learner",14,2,200,0
"dgp30","ate_estimate","bart_t-learner",14,3,200,11.5483260691349
"dgp30","ate_bias","bart_t-learner",14,3,200,1.54832606913486
"dgp30","ci_length","bart_t-learner",14,3,200,1.99659748841813
"dgp30","coverage","bart_t-learner",14,3,200,0
"dgp30","ate_estimate","bart_t-learner",14,5,200,12.3782946014093
"dgp30","ate_bias","bart_t-learner",14,5,200,2.37829460140934
"dgp30","ci_length","bart_t-learner",14,5,200,2.00501990164654
"dgp30","coverage","bart_t-learner",14,5,200,0
"dgp30","ate_estimate","bart_t-learner",15,1,75,11.2366831448684
"dgp30","ate_bias","bart_t-learner",15,1,75,1.23668314486842
"dgp30","ci_length","bart_t-learner",15,1,75,1.98597585027946
"dgp30","coverage","bart_t-learner",15,1,75,0
"dgp30","ate_estimate","bart_t-learner",15,2,75,11.5094384513843
"dgp30","ate_bias","bart_t-learner",15,2,75,1.50943845138429
"dgp30","ci_length","bart_t-learner",15,2,75,2.03112810515765
"dgp30","coverage","bart_t-learner",15,2,75,0
"dgp30","ate_estimate","bart_t-learner",15,3,75,11.8037622858508
"dgp30","ate_bias","bart_t-learner",15,3,75,1.80376228585079
"dgp30","ci_length","bart_t-learner",15,3,75,2.00164119547001
"dgp30","coverage","bart_t-learner",15,3,75,0
"dgp30","ate_estimate","bart_t-learner",15,5,75,12.4281054703314
"dgp30","ate_bias","bart_t-learner",15,5,75,2.42810547033141
"dgp30","ci_length","bart_t-learner",15,5,75,1.96214218633373
"dgp30","coverage","bart_t-learner",15,5,75,0
"dgp30","ate_estimate","bart_t-learner",15,1,100,11.1656054006839
"dgp30","ate_bias","bart_t-learner",15,1,100,1.16560540068394
"dgp30","ci_length","bart_t-learner",15,1,100,2.00773632063838
"dgp30","coverage","bart_t-learner",15,1,100,0
"dgp30","ate_estimate","bart_t-learner",15,2,100,11.520477695617
"dgp30","ate_bias","bart_t-learner",15,2,100,1.52047769561701
"dgp30","ci_length","bart_t-learner",15,2,100,2.03015784588283
"dgp30","coverage","bart_t-learner",15,2,100,0
"dgp30","ate_estimate","bart_t-learner",15,3,100,11.8795649419203
"dgp30","ate_bias","bart_t-learner",15,3,100,1.87956494192028
"dgp30","ci_length","bart_t-learner",15,3,100,1.96741386438778
"dgp30","coverage","bart_t-learner",15,3,100,0
"dgp30","ate_estimate","bart_t-learner",15,5,100,12.5689878197905
"dgp30","ate_bias","bart_t-learner",15,5,100,2.56898781979054
"dgp30","ci_length","bart_t-learner",15,5,100,2.00507716128954
"dgp30","coverage","bart_t-learner",15,5,100,0
"dgp30","ate_estimate","bart_t-learner",15,1,200,11.1437730857026
"dgp30","ate_bias","bart_t-learner",15,1,200,1.14377308570258
"dgp30","ci_length","bart_t-learner",15,1,200,1.99832887926003
"dgp30","coverage","bart_t-learner",15,1,200,0
"dgp30","ate_estimate","bart_t-learner",15,2,200,11.6136416120936
"dgp30","ate_bias","bart_t-learner",15,2,200,1.61364161209364
"dgp30","ci_length","bart_t-learner",15,2,200,1.98441835372287
"dgp30","coverage","bart_t-learner",15,2,200,0
"dgp30","ate_estimate","bart_t-learner",15,3,200,12.0503877208527
"dgp30","ate_bias","bart_t-learner",15,3,200,2.05038772085269
"dgp30","ci_length","bart_t-learner",15,3,200,1.99796077180388
"dgp30","coverage","bart_t-learner",15,3,200,0
"dgp30","ate_estimate","bart_t-learner",15,5,200,12.9621876601577
"dgp30","ate_bias","bart_t-learner",15,5,200,2.96218766015771
"dgp30","ci_length","bart_t-learner",15,5,200,1.9857500026135
"dgp30","coverage","bart_t-learner",15,5,200,0
"dgp30","ate_estimate","bart_t-learner",16,1,75,10.3681478510328
"dgp30","ate_bias","bart_t-learner",16,1,75,0.368147851032784
"dgp30","ci_length","bart_t-learner",16,1,75,2.05037343666569
"dgp30","coverage","bart_t-learner",16,1,75,1
"dgp30","ate_estimate","bart_t-learner",16,2,75,10.5333996413196
"dgp30","ate_bias","bart_t-learner",16,2,75,0.533399641319626
"dgp30","ci_length","bart_t-learner",16,2,75,2.00404292800509
"dgp30","coverage","bart_t-learner",16,2,75,1
"dgp30","ate_estimate","bart_t-learner",16,3,75,10.75196556193
"dgp30","ate_bias","bart_t-learner",16,3,75,0.751965561930033
"dgp30","ci_length","bart_t-learner",16,3,75,1.95079537643788
"dgp30","coverage","bart_t-learner",16,3,75,1
"dgp30","ate_estimate","bart_t-learner",16,5,75,11.2776132003864
"dgp30","ate_bias","bart_t-learner",16,5,75,1.27761320038643
"dgp30","ci_length","bart_t-learner",16,5,75,2.03305760443094
"dgp30","coverage","bart_t-learner",16,5,75,0
"dgp30","ate_estimate","bart_t-learner",16,1,100,10.3819583641195
"dgp30","ate_bias","bart_t-learner",16,1,100,0.381958364119487
"dgp30","ci_length","bart_t-learner",16,1,100,1.99030155916864
"dgp30","coverage","bart_t-learner",16,1,100,1
"dgp30","ate_estimate","bart_t-learner",16,2,100,10.570711652644
"dgp30","ate_bias","bart_t-learner",16,2,100,0.570711652643975
"dgp30","ci_length","bart_t-learner",16,2,100,2.00850276517821
"dgp30","coverage","bart_t-learner",16,2,100,1
"dgp30","ate_estimate","bart_t-learner",16,3,100,10.8439230440736
"dgp30","ate_bias","bart_t-learner",16,3,100,0.843923044073563
"dgp30","ci_length","bart_t-learner",16,3,100,1.98454884130989
"dgp30","coverage","bart_t-learner",16,3,100,1
"dgp30","ate_estimate","bart_t-learner",16,5,100,11.3717644132423
"dgp30","ate_bias","bart_t-learner",16,5,100,1.37176441324233
"dgp30","ci_length","bart_t-learner",16,5,100,2.01857161967046
"dgp30","coverage","bart_t-learner",16,5,100,0
"dgp30","ate_estimate","bart_t-learner",16,1,200,10.3329932740105
"dgp30","ate_bias","bart_t-learner",16,1,200,0.332993274010517
"dgp30","ci_length","bart_t-learner",16,1,200,2.05245986563533
"dgp30","coverage","bart_t-learner",16,1,200,1
"dgp30","ate_estimate","bart_t-learner",16,2,200,10.6822307810593
"dgp30","ate_bias","bart_t-learner",16,2,200,0.6822307810593
"dgp30","ci_length","bart_t-learner",16,2,200,1.98375547995719
"dgp30","coverage","bart_t-learner",16,2,200,1
"dgp30","ate_estimate","bart_t-learner",16,3,200,11.0121123874943
"dgp30","ate_bias","bart_t-learner",16,3,200,1.01211238749431
"dgp30","ci_length","bart_t-learner",16,3,200,2.01669518904033
"dgp30","coverage","bart_t-learner",16,3,200,1
"dgp30","ate_estimate","bart_t-learner",16,5,200,11.7194844178084
"dgp30","ate_bias","bart_t-learner",16,5,200,1.7194844178084
"dgp30","ci_length","bart_t-learner",16,5,200,2.02845633642859
"dgp30","coverage","bart_t-learner",16,5,200,0
"dgp30","ate_estimate","bart_t-learner",17,1,75,11.5472555136867
"dgp30","ate_bias","bart_t-learner",17,1,75,1.54725551368671
"dgp30","ci_length","bart_t-learner",17,1,75,2.05857156369086
"dgp30","coverage","bart_t-learner",17,1,75,0
"dgp30","ate_estimate","bart_t-learner",17,2,75,11.7364412886956
"dgp30","ate_bias","bart_t-learner",17,2,75,1.73644128869556
"dgp30","ci_length","bart_t-learner",17,2,75,2.05324961701184
"dgp30","coverage","bart_t-learner",17,2,75,0
"dgp30","ate_estimate","bart_t-learner",17,3,75,11.8971784981747
"dgp30","ate_bias","bart_t-learner",17,3,75,1.89717849817466
"dgp30","ci_length","bart_t-learner",17,3,75,2.02519961691363
"dgp30","coverage","bart_t-learner",17,3,75,0
"dgp30","ate_estimate","bart_t-learner",17,5,75,12.4149411296994
"dgp30","ate_bias","bart_t-learner",17,5,75,2.41494112969938
"dgp30","ci_length","bart_t-learner",17,5,75,1.98338232249513
"dgp30","coverage","bart_t-learner",17,5,75,0
"dgp30","ate_estimate","bart_t-learner",17,1,100,11.5706407304622
"dgp30","ate_bias","bart_t-learner",17,1,100,1.5706407304622
"dgp30","ci_length","bart_t-learner",17,1,100,2.05583703898291
"dgp30","coverage","bart_t-learner",17,1,100,0
"dgp30","ate_estimate","bart_t-learner",17,2,100,11.7263061430077
"dgp30","ate_bias","bart_t-learner",17,2,100,1.7263061430077
"dgp30","ci_length","bart_t-learner",17,2,100,2.03631950294945
"dgp30","coverage","bart_t-learner",17,2,100,0
"dgp30","ate_estimate","bart_t-learner",17,3,100,11.9509235769182
"dgp30","ate_bias","bart_t-learner",17,3,100,1.95092357691816
"dgp30","ci_length","bart_t-learner",17,3,100,1.98378480721568
"dgp30","coverage","bart_t-learner",17,3,100,0
"dgp30","ate_estimate","bart_t-learner",17,5,100,12.534824961159
"dgp30","ate_bias","bart_t-learner",17,5,100,2.53482496115902
"dgp30","ci_length","bart_t-learner",17,5,100,2.03772848938915
"dgp30","coverage","bart_t-learner",17,5,100,0
"dgp30","ate_estimate","bart_t-learner",17,1,200,11.4752027108397
"dgp30","ate_bias","bart_t-learner",17,1,200,1.47520271083973
"dgp30","ci_length","bart_t-learner",17,1,200,2.08725669468821
"dgp30","coverage","bart_t-learner",17,1,200,0
"dgp30","ate_estimate","bart_t-learner",17,2,200,11.7864230742702
"dgp30","ate_bias","bart_t-learner",17,2,200,1.78642307427024
"dgp30","ci_length","bart_t-learner",17,2,200,2.04427211268497
"dgp30","coverage","bart_t-learner",17,2,200,0
"dgp30","ate_estimate","bart_t-learner",17,3,200,12.1032856457083
"dgp30","ate_bias","bart_t-learner",17,3,200,2.10328564570825
"dgp30","ci_length","bart_t-learner",17,3,200,2.05805852266879
"dgp30","coverage","bart_t-learner",17,3,200,0
"dgp30","ate_estimate","bart_t-learner",17,5,200,12.8626330014522
"dgp30","ate_bias","bart_t-learner",17,5,200,2.86263300145222
"dgp30","ci_length","bart_t-learner",17,5,200,2.00773387567951
"dgp30","coverage","bart_t-learner",17,5,200,0
"dgp30","ate_estimate","bart_t-learner",18,1,75,10.2467579110986
"dgp30","ate_bias","bart_t-learner",18,1,75,0.24675791109855
"dgp30","ci_length","bart_t-learner",18,1,75,2.02473421248623
"dgp30","coverage","bart_t-learner",18,1,75,1
"dgp30","ate_estimate","bart_t-learner",18,2,75,10.4816065159067
"dgp30","ate_bias","bart_t-learner",18,2,75,0.481606515906742
"dgp30","ci_length","bart_t-learner",18,2,75,1.97725831382453
"dgp30","coverage","bart_t-learner",18,2,75,1
"dgp30","ate_estimate","bart_t-learner",18,3,75,10.7566836182763
"dgp30","ate_bias","bart_t-learner",18,3,75,0.756683618276329
"dgp30","ci_length","bart_t-learner",18,3,75,1.94142402177819
"dgp30","coverage","bart_t-learner",18,3,75,1
"dgp30","ate_estimate","bart_t-learner",18,5,75,11.2067681244797
"dgp30","ate_bias","bart_t-learner",18,5,75,1.20676812447968
"dgp30","ci_length","bart_t-learner",18,5,75,1.98082992732151
"dgp30","coverage","bart_t-learner",18,5,75,0
"dgp30","ate_estimate","bart_t-learner",18,1,100,10.1961632790644
"dgp30","ate_bias","bart_t-learner",18,1,100,0.196163279064406
"dgp30","ci_length","bart_t-learner",18,1,100,2.03713849223946
"dgp30","coverage","bart_t-learner",18,1,100,1
"dgp30","ate_estimate","bart_t-learner",18,2,100,10.5543754727826
"dgp30","ate_bias","bart_t-learner",18,2,100,0.554375472782576
"dgp30","ci_length","bart_t-learner",18,2,100,1.96084851239499
"dgp30","coverage","bart_t-learner",18,2,100,1
"dgp30","ate_estimate","bart_t-learner",18,3,100,10.7885742817732
"dgp30","ate_bias","bart_t-learner",18,3,100,0.788574281773238
"dgp30","ci_length","bart_t-learner",18,3,100,1.95563506820328
"dgp30","coverage","bart_t-learner",18,3,100,1
"dgp30","ate_estimate","bart_t-learner",18,5,100,11.2989148405273
"dgp30","ate_bias","bart_t-learner",18,5,100,1.29891484052727
"dgp30","ci_length","bart_t-learner",18,5,100,1.99720614313029
"dgp30","coverage","bart_t-learner",18,5,100,0
"dgp30","ate_estimate","bart_t-learner",18,1,200,10.3545300680171
"dgp30","ate_bias","bart_t-learner",18,1,200,0.354530068017135
"dgp30","ci_length","bart_t-learner",18,1,200,1.98770083200058
"dgp30","coverage","bart_t-learner",18,1,200,1
"dgp30","ate_estimate","bart_t-learner",18,2,200,10.6227962341392
"dgp30","ate_bias","bart_t-learner",18,2,200,0.622796234139178
"dgp30","ci_length","bart_t-learner",18,2,200,2.01478929762848
"dgp30","coverage","bart_t-learner",18,2,200,1
"dgp30","ate_estimate","bart_t-learner",18,3,200,10.9322976831914
"dgp30","ate_bias","bart_t-learner",18,3,200,0.932297683191397
"dgp30","ci_length","bart_t-learner",18,3,200,1.98286151901743
"dgp30","coverage","bart_t-learner",18,3,200,1
"dgp30","ate_estimate","bart_t-learner",18,5,200,11.6016872753553
"dgp30","ate_bias","bart_t-learner",18,5,200,1.60168727535529
"dgp30","ci_length","bart_t-learner",18,5,200,1.96668285005688
"dgp30","coverage","bart_t-learner",18,5,200,0
"dgp30","ate_estimate","bart_t-learner",19,1,75,11.1548477785575
"dgp30","ate_bias","bart_t-learner",19,1,75,1.15484777855752
"dgp30","ci_length","bart_t-learner",19,1,75,1.98584665342123
"dgp30","coverage","bart_t-learner",19,1,75,0
"dgp30","ate_estimate","bart_t-learner",19,2,75,11.3170959140155
"dgp30","ate_bias","bart_t-learner",19,2,75,1.31709591401547
"dgp30","ci_length","bart_t-learner",19,2,75,1.87917893883326
"dgp30","coverage","bart_t-learner",19,2,75,0
"dgp30","ate_estimate","bart_t-learner",19,3,75,11.4503205162927
"dgp30","ate_bias","bart_t-learner",19,3,75,1.45032051629272
"dgp30","ci_length","bart_t-learner",19,3,75,1.86420196473947
"dgp30","coverage","bart_t-learner",19,3,75,0
"dgp30","ate_estimate","bart_t-learner",19,5,75,11.9202467525302
"dgp30","ate_bias","bart_t-learner",19,5,75,1.92024675253024
"dgp30","ci_length","bart_t-learner",19,5,75,1.92814911935201
"dgp30","coverage","bart_t-learner",19,5,75,0
"dgp30","ate_estimate","bart_t-learner",19,1,100,11.1323855539032
"dgp30","ate_bias","bart_t-learner",19,1,100,1.13238555390323
"dgp30","ci_length","bart_t-learner",19,1,100,1.90459448655564
"dgp30","coverage","bart_t-learner",19,1,100,0
"dgp30","ate_estimate","bart_t-learner",19,2,100,11.3195647935987
"dgp30","ate_bias","bart_t-learner",19,2,100,1.31956479359875
"dgp30","ci_length","bart_t-learner",19,2,100,1.93341104124508
"dgp30","coverage","bart_t-learner",19,2,100,0
"dgp30","ate_estimate","bart_t-learner",19,3,100,11.5528184905764
"dgp30","ate_bias","bart_t-learner",19,3,100,1.55281849057644
"dgp30","ci_length","bart_t-learner",19,3,100,1.86770610593203
"dgp30","coverage","bart_t-learner",19,3,100,0
"dgp30","ate_estimate","bart_t-learner",19,5,100,11.99900292183
"dgp30","ate_bias","bart_t-learner",19,5,100,1.99900292183005
"dgp30","ci_length","bart_t-learner",19,5,100,1.9020848802879
"dgp30","coverage","bart_t-learner",19,5,100,0
"dgp30","ate_estimate","bart_t-learner",20,1,75,10.5189530282711
"dgp30","ate_bias","bart_t-learner",20,1,75,0.518953028271131
"dgp30","ci_length","bart_t-learner",20,1,75,1.99813144990923
"dgp30","coverage","bart_t-learner",20,1,75,1
"dgp30","ate_estimate","bart_t-learner",20,2,75,10.7302687916086
"dgp30","ate_bias","bart_t-learner",20,2,75,0.730268791608635
"dgp30","ci_length","bart_t-learner",20,2,75,1.96500848198071
"dgp30","coverage","bart_t-learner",20,2,75,1
"dgp30","ate_estimate","bart_t-learner",20,3,75,10.9761658970652
"dgp30","ate_bias","bart_t-learner",20,3,75,0.976165897065242
"dgp30","ci_length","bart_t-learner",20,3,75,1.9664280657346
"dgp30","coverage","bart_t-learner",20,3,75,0
"dgp30","ate_estimate","bart_t-learner",20,5,75,11.52195026631
"dgp30","ate_bias","bart_t-learner",20,5,75,1.52195026630996
"dgp30","ci_length","bart_t-learner",20,5,75,1.90478203989021
"dgp30","coverage","bart_t-learner",20,5,75,0
"dgp30","ate_estimate","bart_t-learner",20,1,100,10.549593547431
"dgp30","ate_bias","bart_t-learner",20,1,100,0.549593547430961
"dgp30","ci_length","bart_t-learner",20,1,100,1.94266657716589
"dgp30","coverage","bart_t-learner",20,1,100,1
"dgp30","ate_estimate","bart_t-learner",20,2,100,10.768025995514
"dgp30","ate_bias","bart_t-learner",20,2,100,0.768025995513986
"dgp30","ci_length","bart_t-learner",20,2,100,1.95565186719749
"dgp30","coverage","bart_t-learner",20,2,100,1
"dgp30","ate_estimate","bart_t-learner",20,3,100,11.0341469817014
"dgp30","ate_bias","bart_t-learner",20,3,100,1.03414698170139
"dgp30","ci_length","bart_t-learner",20,3,100,1.98533496109579
"dgp30","coverage","bart_t-learner",20,3,100,0
"dgp30","ate_estimate","bart_t-learner",20,5,100,11.6280676261421
"dgp30","ate_bias","bart_t-learner",20,5,100,1.62806762614208
"dgp30","ci_length","bart_t-learner",20,5,100,2.00450148789742
"dgp30","coverage","bart_t-learner",20,5,100,0
"dgp30","ate_estimate","bart_t-learner",20,1,200,10.5797683313781
"dgp30","ate_bias","bart_t-learner",20,1,200,0.579768331378128
"dgp30","ci_length","bart_t-learner",20,1,200,1.94814705160467
"dgp30","coverage","bart_t-learner",20,1,200,1
"dgp30","ate_estimate","bart_t-learner",20,2,200,10.8975052669463
"dgp30","ate_bias","bart_t-learner",20,2,200,0.897505266946338
"dgp30","ci_length","bart_t-learner",20,2,200,1.96261615942692
"dgp30","coverage","bart_t-learner",20,2,200,1
"dgp30","ate_estimate","bart_t-learner",20,3,200,11.2258873402477
"dgp30","ate_bias","bart_t-learner",20,3,200,1.22588734024773
"dgp30","ci_length","bart_t-learner",20,3,200,1.97278764612027
"dgp30","coverage","bart_t-learner",20,3,200,0
"dgp30","ate_estimate","bart_t-learner",20,5,200,11.9770978158644
"dgp30","ate_bias","bart_t-learner",20,5,200,1.97709781586441
"dgp30","ci_length","bart_t-learner",20,5,200,1.95080962758913
"dgp30","coverage","bart_t-learner",20,5,200,0
"dgp30","ate_estimate","bart_t-learner",19,1,200,11.0801810037651
"dgp30","ate_bias","bart_t-learner",19,1,200,1.08018100376508
"dgp30","ci_length","bart_t-learner",19,1,200,1.93558993509946
"dgp30","coverage","bart_t-learner",19,1,200,0
"dgp30","ate_estimate","bart_t-learner",19,2,200,11.3592810524124
"dgp30","ate_bias","bart_t-learner",19,2,200,1.35928105241241
"dgp30","ci_length","bart_t-learner",19,2,200,1.92330808752313
"dgp30","coverage","bart_t-learner",19,2,200,0
"dgp30","ate_estimate","bart_t-learner",19,3,200,11.6406742481333
"dgp30","ate_bias","bart_t-learner",19,3,200,1.6406742481333
"dgp30","ci_length","bart_t-learner",19,3,200,1.89189762124873
"dgp30","coverage","bart_t-learner",19,3,200,0
"dgp30","ate_estimate","bart_t-learner",19,5,200,12.2680165512482
"dgp30","ate_bias","bart_t-learner",19,5,200,2.26801655124819
"dgp30","ci_length","bart_t-learner",19,5,200,1.85767269999917
"dgp30","coverage","bart_t-learner",19,5,200,0
