"","dgp","metric","model","iteration","k","n_trees","value"
"ate_estimate","dgp60","ate_estimate","bart_s-learner",1,1,75,1.66191474834185
"ate_bias","dgp60","ate_bias","bart_s-learner",1,1,75,-0.0243335631943524
"ci_length","dgp60","ci_length","bart_s-learner",1,1,75,0.323312219880342
"is_covered","dgp60","coverage","bart_s-learner",1,1,75,1
"ate_estimate1","dgp60","ate_estimate","bart_s-learner",1,2,75,1.64781982829214
"ate_bias1","dgp60","ate_bias","bart_s-learner",1,2,75,-0.0384284832440622
"ci_length1","dgp60","ci_length","bart_s-learner",1,2,75,0.319432830568837
"is_covered1","dgp60","coverage","bart_s-learner",1,2,75,1
"ate_estimate2","dgp60","ate_estimate","bart_s-learner",1,3,75,1.62041153566659
"ate_bias2","dgp60","ate_bias","bart_s-learner",1,3,75,-0.0658367758696141
"ci_length2","dgp60","ci_length","bart_s-learner",1,3,75,0.321325750042592
"is_covered2","dgp60","coverage","bart_s-learner",1,3,75,1
"ate_estimate3","dgp60","ate_estimate","bart_s-learner",1,5,75,1.56610505375515
"ate_bias3","dgp60","ate_bias","bart_s-learner",1,5,75,-0.12014325778105
"ci_length3","dgp60","ci_length","bart_s-learner",1,5,75,0.317567033091829
"is_covered3","dgp60","coverage","bart_s-learner",1,5,75,1
"ate_estimate4","dgp60","ate_estimate","bart_s-learner",1,1,100,1.66869336625738
"ate_bias4","dgp60","ate_bias","bart_s-learner",1,1,100,-0.0175549452788208
"ci_length4","dgp60","ci_length","bart_s-learner",1,1,100,0.323848294386793
"is_covered4","dgp60","coverage","bart_s-learner",1,1,100,1
"ate_estimate5","dgp60","ate_estimate","bart_s-learner",1,2,100,1.64525380212298
"ate_bias5","dgp60","ate_bias","bart_s-learner",1,2,100,-0.04099450941322
"ci_length5","dgp60","ci_length","bart_s-learner",1,2,100,0.313863578483555
"is_covered5","dgp60","coverage","bart_s-learner",1,2,100,1
"ate_estimate6","dgp60","ate_estimate","bart_s-learner",1,3,100,1.61939437833723
"ate_bias6","dgp60","ate_bias","bart_s-learner",1,3,100,-0.0668539331989699
"ci_length6","dgp60","ci_length","bart_s-learner",1,3,100,0.314937611438503
"is_covered6","dgp60","coverage","bart_s-learner",1,3,100,1
"ate_estimate7","dgp60","ate_estimate","bart_s-learner",1,5,100,1.55612709904856
"ate_bias7","dgp60","ate_bias","bart_s-learner",1,5,100,-0.130121212487642
"ci_length7","dgp60","ci_length","bart_s-learner",1,5,100,0.315911411119528
"is_covered7","dgp60","coverage","bart_s-learner",1,5,100,1
"ate_estimate8","dgp60","ate_estimate","bart_s-learner",1,1,200,1.67922861993262
"ate_bias8","dgp60","ate_bias","bart_s-learner",1,1,200,-0.00701969160358362
"ci_length8","dgp60","ci_length","bart_s-learner",1,1,200,0.334314048210299
"is_covered8","dgp60","coverage","bart_s-learner",1,1,200,1
"ate_estimate9","dgp60","ate_estimate","bart_s-learner",1,2,200,1.64330235216867
"ate_bias9","dgp60","ate_bias","bart_s-learner",1,2,200,-0.0429459593675345
"ci_length9","dgp60","ci_length","bart_s-learner",1,2,200,0.323029061046275
"is_covered9","dgp60","coverage","bart_s-learner",1,2,200,1
"ate_estimate10","dgp60","ate_estimate","bart_s-learner",1,3,200,1.60973691038166
"ate_bias10","dgp60","ate_bias","bart_s-learner",1,3,200,-0.0765114011545385
"ci_length10","dgp60","ci_length","bart_s-learner",1,3,200,0.312217013871571
"is_covered10","dgp60","coverage","bart_s-learner",1,3,200,1
"ate_estimate11","dgp60","ate_estimate","bart_s-learner",1,5,200,1.53159815629284
"ate_bias11","dgp60","ate_bias","bart_s-learner",1,5,200,-0.154650155243364
"ci_length11","dgp60","ci_length","bart_s-learner",1,5,200,0.316170241930142
"is_covered11","dgp60","coverage","bart_s-learner",1,5,200,1
"ate_estimate12","dgp60","ate_estimate","bart_s-learner",2,1,75,1.72391804621308
"ate_bias12","dgp60","ate_bias","bart_s-learner",2,1,75,0.0376697346768815
"ci_length12","dgp60","ci_length","bart_s-learner",2,1,75,0.294640097225255
"is_covered12","dgp60","coverage","bart_s-learner",2,1,75,1
"ate_estimate13","dgp60","ate_estimate","bart_s-learner",2,2,75,1.69966912746126
"ate_bias13","dgp60","ate_bias","bart_s-learner",2,2,75,0.0134208159250631
"ci_length13","dgp60","ci_length","bart_s-learner",2,2,75,0.301949134074295
"is_covered13","dgp60","coverage","bart_s-learner",2,2,75,1
"ate_estimate14","dgp60","ate_estimate","bart_s-learner",2,3,75,1.67007420403999
"ate_bias14","dgp60","ate_bias","bart_s-learner",2,3,75,-0.016174107496209
"ci_length14","dgp60","ci_length","bart_s-learner",2,3,75,0.296492384140049
"is_covered14","dgp60","coverage","bart_s-learner",2,3,75,1
"ate_estimate15","dgp60","ate_estimate","bart_s-learner",2,5,75,1.61546330513796
"ate_bias15","dgp60","ate_bias","bart_s-learner",2,5,75,-0.0707850063982378
"ci_length15","dgp60","ci_length","bart_s-learner",2,5,75,0.291984859329617
"is_covered15","dgp60","coverage","bart_s-learner",2,5,75,1
"ate_estimate16","dgp60","ate_estimate","bart_s-learner",2,1,100,1.72078071623285
"ate_bias16","dgp60","ate_bias","bart_s-learner",2,1,100,0.0345324046966506
"ci_length16","dgp60","ci_length","bart_s-learner",2,1,100,0.304399412704341
"is_covered16","dgp60","coverage","bart_s-learner",2,1,100,1
"ate_estimate17","dgp60","ate_estimate","bart_s-learner",2,2,100,1.69915367202952
"ate_bias17","dgp60","ate_bias","bart_s-learner",2,2,100,0.0129053604933205
"ci_length17","dgp60","ci_length","bart_s-learner",2,2,100,0.294625887487054
"is_covered17","dgp60","coverage","bart_s-learner",2,2,100,1
"ate_estimate18","dgp60","ate_estimate","bart_s-learner",2,3,100,1.66624463088073
"ate_bias18","dgp60","ate_bias","bart_s-learner",2,3,100,-0.0200036806554718
"ci_length18","dgp60","ci_length","bart_s-learner",2,3,100,0.299113389973939
"is_covered18","dgp60","coverage","bart_s-learner",2,3,100,1
"ate_estimate19","dgp60","ate_estimate","bart_s-learner",2,5,100,1.60355022189757
"ate_bias19","dgp60","ate_bias","bart_s-learner",2,5,100,-0.0826980896386256
"ci_length19","dgp60","ci_length","bart_s-learner",2,5,100,0.290977786020083
"is_covered19","dgp60","coverage","bart_s-learner",2,5,100,1
"ate_estimate20","dgp60","ate_estimate","bart_s-learner",2,1,200,1.73268996639293
"ate_bias20","dgp60","ate_bias","bart_s-learner",2,1,200,0.0464416548567295
"ci_length20","dgp60","ci_length","bart_s-learner",2,1,200,0.312324151300878
"is_covered20","dgp60","coverage","bart_s-learner",2,1,200,1
"ate_estimate21","dgp60","ate_estimate","bart_s-learner",2,2,200,1.68983589587416
"ate_bias21","dgp60","ate_bias","bart_s-learner",2,2,200,0.00358758433796047
"ci_length21","dgp60","ci_length","bart_s-learner",2,2,200,0.303001765085667
"is_covered21","dgp60","coverage","bart_s-learner",2,2,200,1
"ate_estimate22","dgp60","ate_estimate","bart_s-learner",2,3,200,1.65151028444192
"ate_bias22","dgp60","ate_bias","bart_s-learner",2,3,200,-0.034738027094277
"ci_length22","dgp60","ci_length","bart_s-learner",2,3,200,0.295735002071413
"is_covered22","dgp60","coverage","bart_s-learner",2,3,200,1
"ate_estimate23","dgp60","ate_estimate","bart_s-learner",2,5,200,1.57611900589991
"ate_bias23","dgp60","ate_bias","bart_s-learner",2,5,200,-0.110129305636288
"ci_length23","dgp60","ci_length","bart_s-learner",2,5,200,0.291039942851348
"is_covered23","dgp60","coverage","bart_s-learner",2,5,200,1
"ate_estimate24","dgp60","ate_estimate","bart_s-learner",3,1,75,1.79236090623605
"ate_bias24","dgp60","ate_bias","bart_s-learner",3,1,75,0.10611259469985
"ci_length24","dgp60","ci_length","bart_s-learner",3,1,75,0.297865903008931
"is_covered24","dgp60","coverage","bart_s-learner",3,1,75,1
"ate_estimate25","dgp60","ate_estimate","bart_s-learner",3,2,75,1.76767976400265
"ate_bias25","dgp60","ate_bias","bart_s-learner",3,2,75,0.0814314524664461
"ci_length25","dgp60","ci_length","bart_s-learner",3,2,75,0.295514063323931
"is_covered25","dgp60","coverage","bart_s-learner",3,2,75,1
"ate_estimate26","dgp60","ate_estimate","bart_s-learner",3,3,75,1.74072937919077
"ate_bias26","dgp60","ate_bias","bart_s-learner",3,3,75,0.0544810676545744
"ci_length26","dgp60","ci_length","bart_s-learner",3,3,75,0.297476627810158
"is_covered26","dgp60","coverage","bart_s-learner",3,3,75,1
"ate_estimate27","dgp60","ate_estimate","bart_s-learner",3,5,75,1.67411081497301
"ate_bias27","dgp60","ate_bias","bart_s-learner",3,5,75,-0.0121374965631862
"ci_length27","dgp60","ci_length","bart_s-learner",3,5,75,0.293015587920661
"is_covered27","dgp60","coverage","bart_s-learner",3,5,75,1
"ate_estimate28","dgp60","ate_estimate","bart_s-learner",3,1,100,1.7975778983125
"ate_bias28","dgp60","ate_bias","bart_s-learner",3,1,100,0.111329586776302
"ci_length28","dgp60","ci_length","bart_s-learner",3,1,100,0.299858165237046
"is_covered28","dgp60","coverage","bart_s-learner",3,1,100,1
"ate_estimate29","dgp60","ate_estimate","bart_s-learner",3,2,100,1.77107042376653
"ate_bias29","dgp60","ate_bias","bart_s-learner",3,2,100,0.0848221122303316
"ci_length29","dgp60","ci_length","bart_s-learner",3,2,100,0.290704522008477
"is_covered29","dgp60","coverage","bart_s-learner",3,2,100,1
"ate_estimate30","dgp60","ate_estimate","bart_s-learner",3,3,100,1.73539478618673
"ate_bias30","dgp60","ate_bias","bart_s-learner",3,3,100,0.0491464746505281
"ci_length30","dgp60","ci_length","bart_s-learner",3,3,100,0.292181718380003
"is_covered30","dgp60","coverage","bart_s-learner",3,3,100,1
"ate_estimate31","dgp60","ate_estimate","bart_s-learner",3,5,100,1.66326950164793
"ate_bias31","dgp60","ate_bias","bart_s-learner",3,5,100,-0.0229788098882711
"ci_length31","dgp60","ci_length","bart_s-learner",3,5,100,0.299076333445785
"is_covered31","dgp60","coverage","bart_s-learner",3,5,100,1
"ate_estimate32","dgp60","ate_estimate","bart_s-learner",3,1,200,1.80973514630335
"ate_bias32","dgp60","ate_bias","bart_s-learner",3,1,200,0.123486834767152
"ci_length32","dgp60","ci_length","bart_s-learner",3,1,200,0.307423743832054
"is_covered32","dgp60","coverage","bart_s-learner",3,1,200,1
"ate_estimate33","dgp60","ate_estimate","bart_s-learner",3,2,200,1.76586410915861
"ate_bias33","dgp60","ate_bias","bart_s-learner",3,2,200,0.0796157976224106
"ci_length33","dgp60","ci_length","bart_s-learner",3,2,200,0.294866615619808
"is_covered33","dgp60","coverage","bart_s-learner",3,2,200,1
"ate_estimate34","dgp60","ate_estimate","bart_s-learner",3,3,200,1.72323289557737
"ate_bias34","dgp60","ate_bias","bart_s-learner",3,3,200,0.0369845840411696
"ci_length34","dgp60","ci_length","bart_s-learner",3,3,200,0.294034003232355
"is_covered34","dgp60","coverage","bart_s-learner",3,3,200,1
"ate_estimate35","dgp60","ate_estimate","bart_s-learner",3,5,200,1.63550121159243
"ate_bias35","dgp60","ate_bias","bart_s-learner",3,5,200,-0.0507470999437676
"ci_length35","dgp60","ci_length","bart_s-learner",3,5,200,0.298434203258309
"is_covered35","dgp60","coverage","bart_s-learner",3,5,200,1
"ate_estimate36","dgp60","ate_estimate","bart_s-learner",4,1,75,1.5598077623292
"ate_bias36","dgp60","ate_bias","bart_s-learner",4,1,75,-0.126440549206999
"ci_length36","dgp60","ci_length","bart_s-learner",4,1,75,0.311506014418435
"is_covered36","dgp60","coverage","bart_s-learner",4,1,75,1
"ate_estimate37","dgp60","ate_estimate","bart_s-learner",4,2,75,1.54825031557102
"ate_bias37","dgp60","ate_bias","bart_s-learner",4,2,75,-0.137997995965182
"ci_length37","dgp60","ci_length","bart_s-learner",4,2,75,0.298400377301383
"is_covered37","dgp60","coverage","bart_s-learner",4,2,75,1
"ate_estimate38","dgp60","ate_estimate","bart_s-learner",4,3,75,1.52773095479301
"ate_bias38","dgp60","ate_bias","bart_s-learner",4,3,75,-0.158517356743191
"ci_length38","dgp60","ci_length","bart_s-learner",4,3,75,0.301588506871441
"is_covered38","dgp60","coverage","bart_s-learner",4,3,75,0
"ate_estimate39","dgp60","ate_estimate","bart_s-learner",4,5,75,1.48256011705677
"ate_bias39","dgp60","ate_bias","bart_s-learner",4,5,75,-0.203688194479435
"ci_length39","dgp60","ci_length","bart_s-learner",4,5,75,0.298226738453383
"is_covered39","dgp60","coverage","bart_s-learner",4,5,75,0
"ate_estimate40","dgp60","ate_estimate","bart_s-learner",4,1,100,1.55419879098548
"ate_bias40","dgp60","ate_bias","bart_s-learner",4,1,100,-0.132049520550721
"ci_length40","dgp60","ci_length","bart_s-learner",4,1,100,0.308707278018468
"is_covered40","dgp60","coverage","bart_s-learner",4,1,100,1
"ate_estimate41","dgp60","ate_estimate","bart_s-learner",4,2,100,1.5418656820534
"ate_bias41","dgp60","ate_bias","bart_s-learner",4,2,100,-0.144382629482804
"ci_length41","dgp60","ci_length","bart_s-learner",4,2,100,0.304061461988715
"is_covered41","dgp60","coverage","bart_s-learner",4,2,100,1
"ate_estimate42","dgp60","ate_estimate","bart_s-learner",4,3,100,1.52190181332486
"ate_bias42","dgp60","ate_bias","bart_s-learner",4,3,100,-0.164346498211337
"ci_length42","dgp60","ci_length","bart_s-learner",4,3,100,0.300014572627881
"is_covered42","dgp60","coverage","bart_s-learner",4,3,100,0
"ate_estimate43","dgp60","ate_estimate","bart_s-learner",4,5,100,1.47123096808623
"ate_bias43","dgp60","ate_bias","bart_s-learner",4,5,100,-0.215017343449968
"ci_length43","dgp60","ci_length","bart_s-learner",4,5,100,0.299276840567924
"is_covered43","dgp60","coverage","bart_s-learner",4,5,100,0
"ate_estimate44","dgp60","ate_estimate","bart_s-learner",4,1,200,1.55544312298249
"ate_bias44","dgp60","ate_bias","bart_s-learner",4,1,200,-0.130805188553708
"ci_length44","dgp60","ci_length","bart_s-learner",4,1,200,0.315350219301324
"is_covered44","dgp60","coverage","bart_s-learner",4,1,200,1
"ate_estimate45","dgp60","ate_estimate","bart_s-learner",4,2,200,1.53338156884457
"ate_bias45","dgp60","ate_bias","bart_s-learner",4,2,200,-0.152866742691627
"ci_length45","dgp60","ci_length","bart_s-learner",4,2,200,0.297685494472467
"is_covered45","dgp60","coverage","bart_s-learner",4,2,200,0
"ate_estimate46","dgp60","ate_estimate","bart_s-learner",4,3,200,1.50607965401492
"ate_bias46","dgp60","ate_bias","bart_s-learner",4,3,200,-0.180168657521282
"ci_length46","dgp60","ci_length","bart_s-learner",4,3,200,0.307348425368453
"is_covered46","dgp60","coverage","bart_s-learner",4,3,200,0
"ate_estimate47","dgp60","ate_estimate","bart_s-learner",4,5,200,1.44252112667821
"ate_bias47","dgp60","ate_bias","bart_s-learner",4,5,200,-0.243727184857988
"ci_length47","dgp60","ci_length","bart_s-learner",4,5,200,0.291628156597778
"is_covered47","dgp60","coverage","bart_s-learner",4,5,200,0
"ate_estimate48","dgp60","ate_estimate","bart_s-learner",5,1,75,1.56260903323078
"ate_bias48","dgp60","ate_bias","bart_s-learner",5,1,75,-0.123639278305418
"ci_length48","dgp60","ci_length","bart_s-learner",5,1,75,0.314501262927604
"is_covered48","dgp60","coverage","bart_s-learner",5,1,75,1
"ate_estimate49","dgp60","ate_estimate","bart_s-learner",5,2,75,1.54477416584199
"ate_bias49","dgp60","ate_bias","bart_s-learner",5,2,75,-0.14147414569421
"ci_length49","dgp60","ci_length","bart_s-learner",5,2,75,0.313777556539561
"is_covered49","dgp60","coverage","bart_s-learner",5,2,75,1
"ate_estimate50","dgp60","ate_estimate","bart_s-learner",5,3,75,1.51814767410673
"ate_bias50","dgp60","ate_bias","bart_s-learner",5,3,75,-0.168100637429471
"ci_length50","dgp60","ci_length","bart_s-learner",5,3,75,0.310183275277383
"is_covered50","dgp60","coverage","bart_s-learner",5,3,75,0
"ate_estimate51","dgp60","ate_estimate","bart_s-learner",5,5,75,1.46567975503983
"ate_bias51","dgp60","ate_bias","bart_s-learner",5,5,75,-0.22056855649637
"ci_length51","dgp60","ci_length","bart_s-learner",5,5,75,0.302222841831152
"is_covered51","dgp60","coverage","bart_s-learner",5,5,75,0
"ate_estimate52","dgp60","ate_estimate","bart_s-learner",5,1,100,1.56739475746652
"ate_bias52","dgp60","ate_bias","bart_s-learner",5,1,100,-0.118853554069682
"ci_length52","dgp60","ci_length","bart_s-learner",5,1,100,0.316203945580286
"is_covered52","dgp60","coverage","bart_s-learner",5,1,100,1
"ate_estimate53","dgp60","ate_estimate","bart_s-learner",5,2,100,1.54674448198818
"ate_bias53","dgp60","ate_bias","bart_s-learner",5,2,100,-0.139503829548019
"ci_length53","dgp60","ci_length","bart_s-learner",5,2,100,0.312887523681354
"is_covered53","dgp60","coverage","bart_s-learner",5,2,100,1
"ate_estimate54","dgp60","ate_estimate","bart_s-learner",5,3,100,1.51389943900239
"ate_bias54","dgp60","ate_bias","bart_s-learner",5,3,100,-0.172348872533807
"ci_length54","dgp60","ci_length","bart_s-learner",5,3,100,0.305843096705085
"is_covered54","dgp60","coverage","bart_s-learner",5,3,100,0
"ate_estimate55","dgp60","ate_estimate","bart_s-learner",5,5,100,1.45993085106322
"ate_bias55","dgp60","ate_bias","bart_s-learner",5,5,100,-0.226317460472975
"ci_length55","dgp60","ci_length","bart_s-learner",5,5,100,0.302756674350754
"is_covered55","dgp60","coverage","bart_s-learner",5,5,100,0
"ate_estimate56","dgp60","ate_estimate","bart_s-learner",5,1,200,1.57527760211072
"ate_bias56","dgp60","ate_bias","bart_s-learner",5,1,200,-0.110970709425477
"ci_length56","dgp60","ci_length","bart_s-learner",5,1,200,0.321376223560216
"is_covered56","dgp60","coverage","bart_s-learner",5,1,200,1
"ate_estimate57","dgp60","ate_estimate","bart_s-learner",5,2,200,1.53905875992194
"ate_bias57","dgp60","ate_bias","bart_s-learner",5,2,200,-0.147189551614265
"ci_length57","dgp60","ci_length","bart_s-learner",5,2,200,0.306945017703091
"is_covered57","dgp60","coverage","bart_s-learner",5,2,200,1
"ate_estimate58","dgp60","ate_estimate","bart_s-learner",5,3,200,1.50133817391284
"ate_bias58","dgp60","ate_bias","bart_s-learner",5,3,200,-0.184910137623361
"ci_length58","dgp60","ci_length","bart_s-learner",5,3,200,0.306080997989544
"is_covered58","dgp60","coverage","bart_s-learner",5,3,200,0
"ate_estimate59","dgp60","ate_estimate","bart_s-learner",5,5,200,1.43877060385148
"ate_bias59","dgp60","ate_bias","bart_s-learner",5,5,200,-0.247477707684719
"ci_length59","dgp60","ci_length","bart_s-learner",5,5,200,0.302198866421103
"is_covered59","dgp60","coverage","bart_s-learner",5,5,200,0
"ate_estimate60","dgp60","ate_estimate","bart_s-learner",6,1,75,1.61873387442162
"ate_bias60","dgp60","ate_bias","bart_s-learner",6,1,75,-0.0675144371145826
"ci_length60","dgp60","ci_length","bart_s-learner",6,1,75,0.290116530997921
"is_covered60","dgp60","coverage","bart_s-learner",6,1,75,1
"ate_estimate61","dgp60","ate_estimate","bart_s-learner",6,2,75,1.59541456529233
"ate_bias61","dgp60","ate_bias","bart_s-learner",6,2,75,-0.0908337462438726
"ci_length61","dgp60","ci_length","bart_s-learner",6,2,75,0.287760668298292
"is_covered61","dgp60","coverage","bart_s-learner",6,2,75,1
"ate_estimate62","dgp60","ate_estimate","bart_s-learner",6,3,75,1.57195877733245
"ate_bias62","dgp60","ate_bias","bart_s-learner",6,3,75,-0.114289534203751
"ci_length62","dgp60","ci_length","bart_s-learner",6,3,75,0.281508796510818
"is_covered62","dgp60","coverage","bart_s-learner",6,3,75,1
"ate_estimate63","dgp60","ate_estimate","bart_s-learner",6,5,75,1.52412661200745
"ate_bias63","dgp60","ate_bias","bart_s-learner",6,5,75,-0.162121699528748
"ci_length63","dgp60","ci_length","bart_s-learner",6,5,75,0.278715154129436
"is_covered63","dgp60","coverage","bart_s-learner",6,5,75,0
"ate_estimate64","dgp60","ate_estimate","bart_s-learner",6,1,100,1.61548864925275
"ate_bias64","dgp60","ate_bias","bart_s-learner",6,1,100,-0.0707596622834499
"ci_length64","dgp60","ci_length","bart_s-learner",6,1,100,0.282423834729395
"is_covered64","dgp60","coverage","bart_s-learner",6,1,100,1
"ate_estimate65","dgp60","ate_estimate","bart_s-learner",6,2,100,1.58826140552389
"ate_bias65","dgp60","ate_bias","bart_s-learner",6,2,100,-0.0979869060123129
"ci_length65","dgp60","ci_length","bart_s-learner",6,2,100,0.277569718225354
"is_covered65","dgp60","coverage","bart_s-learner",6,2,100,1
"ate_estimate66","dgp60","ate_estimate","bart_s-learner",6,3,100,1.56555692779215
"ate_bias66","dgp60","ate_bias","bart_s-learner",6,3,100,-0.120691383744054
"ci_length66","dgp60","ci_length","bart_s-learner",6,3,100,0.278943339821784
"is_covered66","dgp60","coverage","bart_s-learner",6,3,100,1
"ate_estimate67","dgp60","ate_estimate","bart_s-learner",6,5,100,1.51336393892086
"ate_bias67","dgp60","ate_bias","bart_s-learner",6,5,100,-0.172884372615339
"ci_length67","dgp60","ci_length","bart_s-learner",6,5,100,0.286625835420165
"is_covered67","dgp60","coverage","bart_s-learner",6,5,100,0
"ate_estimate68","dgp60","ate_estimate","bart_s-learner",6,1,200,1.61250173375397
"ate_bias68","dgp60","ate_bias","bart_s-learner",6,1,200,-0.0737465777822282
"ci_length68","dgp60","ci_length","bart_s-learner",6,1,200,0.28416334989534
"is_covered68","dgp60","coverage","bart_s-learner",6,1,200,1
"ate_estimate69","dgp60","ate_estimate","bart_s-learner",6,2,200,1.58374240188512
"ate_bias69","dgp60","ate_bias","bart_s-learner",6,2,200,-0.102505909651077
"ci_length69","dgp60","ci_length","bart_s-learner",6,2,200,0.287058339861455
"is_covered69","dgp60","coverage","bart_s-learner",6,2,200,1
"ate_estimate70","dgp60","ate_estimate","bart_s-learner",6,3,200,1.55456677366449
"ate_bias70","dgp60","ate_bias","bart_s-learner",6,3,200,-0.13168153787171
"ci_length70","dgp60","ci_length","bart_s-learner",6,3,200,0.277204462863091
"is_covered70","dgp60","coverage","bart_s-learner",6,3,200,1
"ate_estimate71","dgp60","ate_estimate","bart_s-learner",6,5,200,1.48822833395008
"ate_bias71","dgp60","ate_bias","bart_s-learner",6,5,200,-0.198019977586124
"ci_length71","dgp60","ci_length","bart_s-learner",6,5,200,0.284657940545714
"is_covered71","dgp60","coverage","bart_s-learner",6,5,200,0
"ate_estimate72","dgp60","ate_estimate","bart_s-learner",7,1,75,1.67664908527022
"ate_bias72","dgp60","ate_bias","bart_s-learner",7,1,75,-0.00959922626597631
"ci_length72","dgp60","ci_length","bart_s-learner",7,1,75,0.327434508070724
"is_covered72","dgp60","coverage","bart_s-learner",7,1,75,1
"ate_estimate73","dgp60","ate_estimate","bart_s-learner",7,2,75,1.64146674547195
"ate_bias73","dgp60","ate_bias","bart_s-learner",7,2,75,-0.0447815660642517
"ci_length73","dgp60","ci_length","bart_s-learner",7,2,75,0.302701618598097
"is_covered73","dgp60","coverage","bart_s-learner",7,2,75,1
"ate_estimate74","dgp60","ate_estimate","bart_s-learner",7,3,75,1.61664194347315
"ate_bias74","dgp60","ate_bias","bart_s-learner",7,3,75,-0.0696063680630457
"ci_length74","dgp60","ci_length","bart_s-learner",7,3,75,0.300948280681177
"is_covered74","dgp60","coverage","bart_s-learner",7,3,75,1
"ate_estimate75","dgp60","ate_estimate","bart_s-learner",7,5,75,1.55742821574534
"ate_bias75","dgp60","ate_bias","bart_s-learner",7,5,75,-0.128820095790865
"ci_length75","dgp60","ci_length","bart_s-learner",7,5,75,0.295902435379872
"is_covered75","dgp60","coverage","bart_s-learner",7,5,75,1
"ate_estimate76","dgp60","ate_estimate","bart_s-learner",7,1,100,1.67772102930254
"ate_bias76","dgp60","ate_bias","bart_s-learner",7,1,100,-0.0085272822336564
"ci_length76","dgp60","ci_length","bart_s-learner",7,1,100,0.314956166707325
"is_covered76","dgp60","coverage","bart_s-learner",7,1,100,1
"ate_estimate77","dgp60","ate_estimate","bart_s-learner",7,2,100,1.63549769343328
"ate_bias77","dgp60","ate_bias","bart_s-learner",7,2,100,-0.0507506181029247
"ci_length77","dgp60","ci_length","bart_s-learner",7,2,100,0.307256021800118
"is_covered77","dgp60","coverage","bart_s-learner",7,2,100,1
"ate_estimate78","dgp60","ate_estimate","bart_s-learner",7,3,100,1.60312915144311
"ate_bias78","dgp60","ate_bias","bart_s-learner",7,3,100,-0.083119160093085
"ci_length78","dgp60","ci_length","bart_s-learner",7,3,100,0.297808754259738
"is_covered78","dgp60","coverage","bart_s-learner",7,3,100,1
"ate_estimate79","dgp60","ate_estimate","bart_s-learner",7,5,100,1.54681912644311
"ate_bias79","dgp60","ate_bias","bart_s-learner",7,5,100,-0.139429185093088
"ci_length79","dgp60","ci_length","bart_s-learner",7,5,100,0.292241588931658
"is_covered79","dgp60","coverage","bart_s-learner",7,5,100,1
"ate_estimate80","dgp60","ate_estimate","bart_s-learner",7,1,200,1.66840204221446
"ate_bias80","dgp60","ate_bias","bart_s-learner",7,1,200,-0.01784626932174
"ci_length80","dgp60","ci_length","bart_s-learner",7,1,200,0.320310730347159
"is_covered80","dgp60","coverage","bart_s-learner",7,1,200,1
"ate_estimate81","dgp60","ate_estimate","bart_s-learner",7,2,200,1.62587075445433
"ate_bias81","dgp60","ate_bias","bart_s-learner",7,2,200,-0.060377557081873
"ci_length81","dgp60","ci_length","bart_s-learner",7,2,200,0.295215853870751
"is_covered81","dgp60","coverage","bart_s-learner",7,2,200,1
"ate_estimate82","dgp60","ate_estimate","bart_s-learner",7,3,200,1.58971089259559
"ate_bias82","dgp60","ate_bias","bart_s-learner",7,3,200,-0.0965374189406059
"ci_length82","dgp60","ci_length","bart_s-learner",7,3,200,0.297684498931451
"is_covered82","dgp60","coverage","bart_s-learner",7,3,200,1
"ate_estimate83","dgp60","ate_estimate","bart_s-learner",7,5,200,1.51785206207298
"ate_bias83","dgp60","ate_bias","bart_s-learner",7,5,200,-0.168396249463221
"ci_length83","dgp60","ci_length","bart_s-learner",7,5,200,0.292388455094964
"is_covered83","dgp60","coverage","bart_s-learner",7,5,200,0
"ate_estimate84","dgp60","ate_estimate","bart_s-learner",8,1,75,1.58362841760021
"ate_bias84","dgp60","ate_bias","bart_s-learner",8,1,75,-0.102619893935993
"ci_length84","dgp60","ci_length","bart_s-learner",8,1,75,0.311367821897762
"is_covered84","dgp60","coverage","bart_s-learner",8,1,75,1
"ate_estimate85","dgp60","ate_estimate","bart_s-learner",8,2,75,1.56648026858979
"ate_bias85","dgp60","ate_bias","bart_s-learner",8,2,75,-0.119768042946411
"ci_length85","dgp60","ci_length","bart_s-learner",8,2,75,0.308317460318703
"is_covered85","dgp60","coverage","bart_s-learner",8,2,75,1
"ate_estimate86","dgp60","ate_estimate","bart_s-learner",8,3,75,1.55285102587492
"ate_bias86","dgp60","ate_bias","bart_s-learner",8,3,75,-0.133397285661285
"ci_length86","dgp60","ci_length","bart_s-learner",8,3,75,0.307137099086941
"is_covered86","dgp60","coverage","bart_s-learner",8,3,75,1
"ate_estimate87","dgp60","ate_estimate","bart_s-learner",8,5,75,1.51189140426313
"ate_bias87","dgp60","ate_bias","bart_s-learner",8,5,75,-0.174356907273066
"ci_length87","dgp60","ci_length","bart_s-learner",8,5,75,0.30853944161332
"is_covered87","dgp60","coverage","bart_s-learner",8,5,75,0
"ate_estimate88","dgp60","ate_estimate","bart_s-learner",8,1,100,1.58054261044799
"ate_bias88","dgp60","ate_bias","bart_s-learner",8,1,100,-0.105705701088211
"ci_length88","dgp60","ci_length","bart_s-learner",8,1,100,0.30706342026875
"is_covered88","dgp60","coverage","bart_s-learner",8,1,100,1
"ate_estimate89","dgp60","ate_estimate","bart_s-learner",8,2,100,1.56886301909481
"ate_bias89","dgp60","ate_bias","bart_s-learner",8,2,100,-0.117385292441389
"ci_length89","dgp60","ci_length","bart_s-learner",8,2,100,0.30690511321825
"is_covered89","dgp60","coverage","bart_s-learner",8,2,100,1
"ate_estimate90","dgp60","ate_estimate","bart_s-learner",8,3,100,1.5496193192657
"ate_bias90","dgp60","ate_bias","bart_s-learner",8,3,100,-0.136628992270498
"ci_length90","dgp60","ci_length","bart_s-learner",8,3,100,0.309962210497862
"is_covered90","dgp60","coverage","bart_s-learner",8,3,100,1
"ate_estimate91","dgp60","ate_estimate","bart_s-learner",8,5,100,1.50488715092383
"ate_bias91","dgp60","ate_bias","bart_s-learner",8,5,100,-0.181361160612372
"ci_length91","dgp60","ci_length","bart_s-learner",8,5,100,0.30932119357444
"is_covered91","dgp60","coverage","bart_s-learner",8,5,100,0
"ate_estimate92","dgp60","ate_estimate","bart_s-learner",8,1,200,1.57546520432544
"ate_bias92","dgp60","ate_bias","bart_s-learner",8,1,200,-0.110783107210759
"ci_length92","dgp60","ci_length","bart_s-learner",8,1,200,0.321367344018987
"is_covered92","dgp60","coverage","bart_s-learner",8,1,200,1
"ate_estimate93","dgp60","ate_estimate","bart_s-learner",8,2,200,1.56033046764246
"ate_bias93","dgp60","ate_bias","bart_s-learner",8,2,200,-0.125917843893742
"ci_length93","dgp60","ci_length","bart_s-learner",8,2,200,0.313733828006511
"is_covered93","dgp60","coverage","bart_s-learner",8,2,200,1
"ate_estimate94","dgp60","ate_estimate","bart_s-learner",8,3,200,1.53780912557645
"ate_bias94","dgp60","ate_bias","bart_s-learner",8,3,200,-0.148439185959748
"ci_length94","dgp60","ci_length","bart_s-learner",8,3,200,0.311735571823365
"is_covered94","dgp60","coverage","bart_s-learner",8,3,200,1
"ate_estimate95","dgp60","ate_estimate","bart_s-learner",8,5,200,1.48695099417239
"ate_bias95","dgp60","ate_bias","bart_s-learner",8,5,200,-0.199297317363809
"ci_length95","dgp60","ci_length","bart_s-learner",8,5,200,0.298302938100818
"is_covered95","dgp60","coverage","bart_s-learner",8,5,200,0
"ate_estimate96","dgp60","ate_estimate","bart_s-learner",9,1,75,1.48276902333381
"ate_bias96","dgp60","ate_bias","bart_s-learner",9,1,75,-0.203479288202388
"ci_length96","dgp60","ci_length","bart_s-learner",9,1,75,0.294262777058286
"is_covered96","dgp60","coverage","bart_s-learner",9,1,75,0
"ate_estimate97","dgp60","ate_estimate","bart_s-learner",9,2,75,1.46345223239551
"ate_bias97","dgp60","ate_bias","bart_s-learner",9,2,75,-0.222796079140691
"ci_length97","dgp60","ci_length","bart_s-learner",9,2,75,0.28646473360031
"is_covered97","dgp60","coverage","bart_s-learner",9,2,75,0
"ate_estimate98","dgp60","ate_estimate","bart_s-learner",9,3,75,1.44139529759537
"ate_bias98","dgp60","ate_bias","bart_s-learner",9,3,75,-0.24485301394083
"ci_length98","dgp60","ci_length","bart_s-learner",9,3,75,0.289709450510247
"is_covered98","dgp60","coverage","bart_s-learner",9,3,75,0
"ate_estimate99","dgp60","ate_estimate","bart_s-learner",9,5,75,1.40141777685075
"ate_bias99","dgp60","ate_bias","bart_s-learner",9,5,75,-0.284830534685449
"ci_length99","dgp60","ci_length","bart_s-learner",9,5,75,0.285541561611604
"is_covered99","dgp60","coverage","bart_s-learner",9,5,75,0
"ate_estimate100","dgp60","ate_estimate","bart_s-learner",9,1,100,1.4766261925976
"ate_bias100","dgp60","ate_bias","bart_s-learner",9,1,100,-0.209622118938599
"ci_length100","dgp60","ci_length","bart_s-learner",9,1,100,0.30189754984754
"is_covered100","dgp60","coverage","bart_s-learner",9,1,100,0
"ate_estimate101","dgp60","ate_estimate","bart_s-learner",9,2,100,1.4575629835625
"ate_bias101","dgp60","ate_bias","bart_s-learner",9,2,100,-0.228685327973701
"ci_length101","dgp60","ci_length","bart_s-learner",9,2,100,0.292514649108808
"is_covered101","dgp60","coverage","bart_s-learner",9,2,100,0
"ate_estimate102","dgp60","ate_estimate","bart_s-learner",9,3,100,1.43376786321872
"ate_bias102","dgp60","ate_bias","bart_s-learner",9,3,100,-0.252480448317481
"ci_length102","dgp60","ci_length","bart_s-learner",9,3,100,0.284790500911742
"is_covered102","dgp60","coverage","bart_s-learner",9,3,100,0
"ate_estimate103","dgp60","ate_estimate","bart_s-learner",9,5,100,1.39033043913417
"ate_bias103","dgp60","ate_bias","bart_s-learner",9,5,100,-0.295917872402025
"ci_length103","dgp60","ci_length","bart_s-learner",9,5,100,0.287097649341198
"is_covered103","dgp60","coverage","bart_s-learner",9,5,100,0
"ate_estimate104","dgp60","ate_estimate","bart_s-learner",9,1,200,1.46001035485041
"ate_bias104","dgp60","ate_bias","bart_s-learner",9,1,200,-0.22623795668579
"ci_length104","dgp60","ci_length","bart_s-learner",9,1,200,0.291451972841238
"is_covered104","dgp60","coverage","bart_s-learner",9,1,200,0
"ate_estimate105","dgp60","ate_estimate","bart_s-learner",9,2,200,1.44238309418939
"ate_bias105","dgp60","ate_bias","bart_s-learner",9,2,200,-0.243865217346812
"ci_length105","dgp60","ci_length","bart_s-learner",9,2,200,0.285733473939263
"is_covered105","dgp60","coverage","bart_s-learner",9,2,200,0
"ate_estimate106","dgp60","ate_estimate","bart_s-learner",9,3,200,1.41855164839002
"ate_bias106","dgp60","ate_bias","bart_s-learner",9,3,200,-0.267696663146184
"ci_length106","dgp60","ci_length","bart_s-learner",9,3,200,0.286562245427856
"is_covered106","dgp60","coverage","bart_s-learner",9,3,200,0
"ate_estimate107","dgp60","ate_estimate","bart_s-learner",9,5,200,1.36606405354359
"ate_bias107","dgp60","ate_bias","bart_s-learner",9,5,200,-0.32018425799261
"ci_length107","dgp60","ci_length","bart_s-learner",9,5,200,0.284073494947254
"is_covered107","dgp60","coverage","bart_s-learner",9,5,200,0
"ate_estimate108","dgp60","ate_estimate","bart_s-learner",10,1,75,1.6796380984421
"ate_bias108","dgp60","ate_bias","bart_s-learner",10,1,75,-0.00661021309410281
"ci_length108","dgp60","ci_length","bart_s-learner",10,1,75,0.322290757014106
"is_covered108","dgp60","coverage","bart_s-learner",10,1,75,1
"ate_estimate109","dgp60","ate_estimate","bart_s-learner",10,2,75,1.64890929725101
"ate_bias109","dgp60","ate_bias","bart_s-learner",10,2,75,-0.0373390142851926
"ci_length109","dgp60","ci_length","bart_s-learner",10,2,75,0.320637346492427
"is_covered109","dgp60","coverage","bart_s-learner",10,2,75,1
"ate_estimate110","dgp60","ate_estimate","bart_s-learner",10,3,75,1.62735951568747
"ate_bias110","dgp60","ate_bias","bart_s-learner",10,3,75,-0.0588887958487316
"ci_length110","dgp60","ci_length","bart_s-learner",10,3,75,0.316233263632176
"is_covered110","dgp60","coverage","bart_s-learner",10,3,75,1
"ate_estimate111","dgp60","ate_estimate","bart_s-learner",10,5,75,1.56653967162536
"ate_bias111","dgp60","ate_bias","bart_s-learner",10,5,75,-0.119708639910839
"ci_length111","dgp60","ci_length","bart_s-learner",10,5,75,0.316631125475341
"is_covered111","dgp60","coverage","bart_s-learner",10,5,75,1
"ate_estimate112","dgp60","ate_estimate","bart_s-learner",10,1,100,1.66911881659804
"ate_bias112","dgp60","ate_bias","bart_s-learner",10,1,100,-0.0171294949381586
"ci_length112","dgp60","ci_length","bart_s-learner",10,1,100,0.322459431886008
"is_covered112","dgp60","coverage","bart_s-learner",10,1,100,1
"ate_estimate113","dgp60","ate_estimate","bart_s-learner",10,2,100,1.64797335037658
"ate_bias113","dgp60","ate_bias","bart_s-learner",10,2,100,-0.038274961159622
"ci_length113","dgp60","ci_length","bart_s-learner",10,2,100,0.31686772958303
"is_covered113","dgp60","coverage","bart_s-learner",10,2,100,1
"ate_estimate114","dgp60","ate_estimate","bart_s-learner",10,3,100,1.61743080721748
"ate_bias114","dgp60","ate_bias","bart_s-learner",10,3,100,-0.0688175043187225
"ci_length114","dgp60","ci_length","bart_s-learner",10,3,100,0.310575959556317
"is_covered114","dgp60","coverage","bart_s-learner",10,3,100,1
"ate_estimate115","dgp60","ate_estimate","bart_s-learner",10,5,100,1.55499584279651
"ate_bias115","dgp60","ate_bias","bart_s-learner",10,5,100,-0.131252468739692
"ci_length115","dgp60","ci_length","bart_s-learner",10,5,100,0.308316203947199
"is_covered115","dgp60","coverage","bart_s-learner",10,5,100,1
"ate_estimate116","dgp60","ate_estimate","bart_s-learner",10,1,200,1.66047054967254
"ate_bias116","dgp60","ate_bias","bart_s-learner",10,1,200,-0.0257777618636637
"ci_length116","dgp60","ci_length","bart_s-learner",10,1,200,0.325710634863511
"is_covered116","dgp60","coverage","bart_s-learner",10,1,200,1
"ate_estimate117","dgp60","ate_estimate","bart_s-learner",10,2,200,1.63306939841576
"ate_bias117","dgp60","ate_bias","bart_s-learner",10,2,200,-0.0531789131204363
"ci_length117","dgp60","ci_length","bart_s-learner",10,2,200,0.314330554048133
"is_covered117","dgp60","coverage","bart_s-learner",10,2,200,1
"ate_estimate118","dgp60","ate_estimate","bart_s-learner",10,3,200,1.60238825793014
"ate_bias118","dgp60","ate_bias","bart_s-learner",10,3,200,-0.0838600536060596
"ci_length118","dgp60","ci_length","bart_s-learner",10,3,200,0.318270720952428
"is_covered118","dgp60","coverage","bart_s-learner",10,3,200,1
"ate_estimate119","dgp60","ate_estimate","bart_s-learner",10,5,200,1.5241662269055
"ate_bias119","dgp60","ate_bias","bart_s-learner",10,5,200,-0.162082084630695
"ci_length119","dgp60","ci_length","bart_s-learner",10,5,200,0.309736080561786
"is_covered119","dgp60","coverage","bart_s-learner",10,5,200,0
"ate_estimate120","dgp60","ate_estimate","bart_s-learner",11,1,75,1.56954226090557
"ate_bias120","dgp60","ate_bias","bart_s-learner",11,1,75,-0.116706050630631
"ci_length120","dgp60","ci_length","bart_s-learner",11,1,75,0.282813660656751
"is_covered120","dgp60","coverage","bart_s-learner",11,1,75,1
"ate_estimate121","dgp60","ate_estimate","bart_s-learner",11,2,75,1.55970378556117
"ate_bias121","dgp60","ate_bias","bart_s-learner",11,2,75,-0.126544525975034
"ci_length121","dgp60","ci_length","bart_s-learner",11,2,75,0.280354191430322
"is_covered121","dgp60","coverage","bart_s-learner",11,2,75,1
"ate_estimate122","dgp60","ate_estimate","bart_s-learner",11,3,75,1.54097472274146
"ate_bias122","dgp60","ate_bias","bart_s-learner",11,3,75,-0.145273588794741
"ci_length122","dgp60","ci_length","bart_s-learner",11,3,75,0.274574896279899
"is_covered122","dgp60","coverage","bart_s-learner",11,3,75,0
"ate_estimate123","dgp60","ate_estimate","bart_s-learner",11,5,75,1.49079185893177
"ate_bias123","dgp60","ate_bias","bart_s-learner",11,5,75,-0.19545645260443
"ci_length123","dgp60","ci_length","bart_s-learner",11,5,75,0.27655032713482
"is_covered123","dgp60","coverage","bart_s-learner",11,5,75,0
"ate_estimate124","dgp60","ate_estimate","bart_s-learner",11,1,100,1.57359865515376
"ate_bias124","dgp60","ate_bias","bart_s-learner",11,1,100,-0.112649656382436
"ci_length124","dgp60","ci_length","bart_s-learner",11,1,100,0.280535255468186
"is_covered124","dgp60","coverage","bart_s-learner",11,1,100,1
"ate_estimate125","dgp60","ate_estimate","bart_s-learner",11,2,100,1.56220249097837
"ate_bias125","dgp60","ate_bias","bart_s-learner",11,2,100,-0.124045820557833
"ci_length125","dgp60","ci_length","bart_s-learner",11,2,100,0.282002786061176
"is_covered125","dgp60","coverage","bart_s-learner",11,2,100,1
"ate_estimate126","dgp60","ate_estimate","bart_s-learner",11,3,100,1.53560402491372
"ate_bias126","dgp60","ate_bias","bart_s-learner",11,3,100,-0.150644286622479
"ci_length126","dgp60","ci_length","bart_s-learner",11,3,100,0.27529654354258
"is_covered126","dgp60","coverage","bart_s-learner",11,3,100,0
"ate_estimate127","dgp60","ate_estimate","bart_s-learner",11,5,100,1.48206436269731
"ate_bias127","dgp60","ate_bias","bart_s-learner",11,5,100,-0.204183948838889
"ci_length127","dgp60","ci_length","bart_s-learner",11,5,100,0.275411229904009
"is_covered127","dgp60","coverage","bart_s-learner",11,5,100,0
"ate_estimate128","dgp60","ate_estimate","bart_s-learner",11,1,200,1.57734730505174
"ate_bias128","dgp60","ate_bias","bart_s-learner",11,1,200,-0.108901006484458
"ci_length128","dgp60","ci_length","bart_s-learner",11,1,200,0.287911852861418
"is_covered128","dgp60","coverage","bart_s-learner",11,1,200,1
"ate_estimate129","dgp60","ate_estimate","bart_s-learner",11,2,200,1.55689787749847
"ate_bias129","dgp60","ate_bias","bart_s-learner",11,2,200,-0.129350434037726
"ci_length129","dgp60","ci_length","bart_s-learner",11,2,200,0.274603724129292
"is_covered129","dgp60","coverage","bart_s-learner",11,2,200,1
"ate_estimate130","dgp60","ate_estimate","bart_s-learner",11,3,200,1.52907009838855
"ate_bias130","dgp60","ate_bias","bart_s-learner",11,3,200,-0.157178213147652
"ci_length130","dgp60","ci_length","bart_s-learner",11,3,200,0.277246020923987
"is_covered130","dgp60","coverage","bart_s-learner",11,3,200,0
"ate_estimate131","dgp60","ate_estimate","bart_s-learner",11,5,200,1.4604719494803
"ate_bias131","dgp60","ate_bias","bart_s-learner",11,5,200,-0.225776362055899
"ci_length131","dgp60","ci_length","bart_s-learner",11,5,200,0.268706777660627
"is_covered131","dgp60","coverage","bart_s-learner",11,5,200,0
"ate_estimate132","dgp60","ate_estimate","bart_s-learner",12,1,75,1.64444612879645
"ate_bias132","dgp60","ate_bias","bart_s-learner",12,1,75,-0.0418021827397463
"ci_length132","dgp60","ci_length","bart_s-learner",12,1,75,0.303833458315385
"is_covered132","dgp60","coverage","bart_s-learner",12,1,75,1
"ate_estimate133","dgp60","ate_estimate","bart_s-learner",12,2,75,1.6251396295905
"ate_bias133","dgp60","ate_bias","bart_s-learner",12,2,75,-0.0611086819457018
"ci_length133","dgp60","ci_length","bart_s-learner",12,2,75,0.294320979952045
"is_covered133","dgp60","coverage","bart_s-learner",12,2,75,1
"ate_estimate134","dgp60","ate_estimate","bart_s-learner",12,3,75,1.60550630854006
"ate_bias134","dgp60","ate_bias","bart_s-learner",12,3,75,-0.0807420029961385
"ci_length134","dgp60","ci_length","bart_s-learner",12,3,75,0.294132424892304
"is_covered134","dgp60","coverage","bart_s-learner",12,3,75,1
"ate_estimate135","dgp60","ate_estimate","bart_s-learner",12,5,75,1.55340473841671
"ate_bias135","dgp60","ate_bias","bart_s-learner",12,5,75,-0.13284357311949
"ci_length135","dgp60","ci_length","bart_s-learner",12,5,75,0.294288527670385
"is_covered135","dgp60","coverage","bart_s-learner",12,5,75,1
"ate_estimate136","dgp60","ate_estimate","bart_s-learner",12,1,100,1.63959721038387
"ate_bias136","dgp60","ate_bias","bart_s-learner",12,1,100,-0.0466511011523298
"ci_length136","dgp60","ci_length","bart_s-learner",12,1,100,0.296822611299872
"is_covered136","dgp60","coverage","bart_s-learner",12,1,100,1
"ate_estimate137","dgp60","ate_estimate","bart_s-learner",12,2,100,1.62578655051557
"ate_bias137","dgp60","ate_bias","bart_s-learner",12,2,100,-0.0604617610206337
"ci_length137","dgp60","ci_length","bart_s-learner",12,2,100,0.300470055232272
"is_covered137","dgp60","coverage","bart_s-learner",12,2,100,1
"ate_estimate138","dgp60","ate_estimate","bart_s-learner",12,3,100,1.60153872976686
"ate_bias138","dgp60","ate_bias","bart_s-learner",12,3,100,-0.0847095817693393
"ci_length138","dgp60","ci_length","bart_s-learner",12,3,100,0.292124018336376
"is_covered138","dgp60","coverage","bart_s-learner",12,3,100,1
"ate_estimate139","dgp60","ate_estimate","bart_s-learner",12,5,100,1.54344363910626
"ate_bias139","dgp60","ate_bias","bart_s-learner",12,5,100,-0.142804672429941
"ci_length139","dgp60","ci_length","bart_s-learner",12,5,100,0.29316603038009
"is_covered139","dgp60","coverage","bart_s-learner",12,5,100,1
"ate_estimate140","dgp60","ate_estimate","bart_s-learner",12,1,200,1.64391603939403
"ate_bias140","dgp60","ate_bias","bart_s-learner",12,1,200,-0.0423322721421675
"ci_length140","dgp60","ci_length","bart_s-learner",12,1,200,0.304461417403252
"is_covered140","dgp60","coverage","bart_s-learner",12,1,200,1
"ate_estimate141","dgp60","ate_estimate","bart_s-learner",12,2,200,1.62027111149018
"ate_bias141","dgp60","ate_bias","bart_s-learner",12,2,200,-0.0659772000460244
"ci_length141","dgp60","ci_length","bart_s-learner",12,2,200,0.303320958425513
"is_covered141","dgp60","coverage","bart_s-learner",12,2,200,1
"ate_estimate142","dgp60","ate_estimate","bart_s-learner",12,3,200,1.59050377203915
"ate_bias142","dgp60","ate_bias","bart_s-learner",12,3,200,-0.0957445394970549
"ci_length142","dgp60","ci_length","bart_s-learner",12,3,200,0.300975316897024
"is_covered142","dgp60","coverage","bart_s-learner",12,3,200,1
"ate_estimate143","dgp60","ate_estimate","bart_s-learner",12,5,200,1.51584449867434
"ate_bias143","dgp60","ate_bias","bart_s-learner",12,5,200,-0.170403812861857
"ci_length143","dgp60","ci_length","bart_s-learner",12,5,200,0.291050476721552
"is_covered143","dgp60","coverage","bart_s-learner",12,5,200,0
"ate_estimate144","dgp60","ate_estimate","bart_s-learner",13,1,75,1.77872906498109
"ate_bias144","dgp60","ate_bias","bart_s-learner",13,1,75,0.0924807534448908
"ci_length144","dgp60","ci_length","bart_s-learner",13,1,75,0.303001141443481
"is_covered144","dgp60","coverage","bart_s-learner",13,1,75,1
"ate_estimate145","dgp60","ate_estimate","bart_s-learner",13,2,75,1.74500389505304
"ate_bias145","dgp60","ate_bias","bart_s-learner",13,2,75,0.0587555835168381
"ci_length145","dgp60","ci_length","bart_s-learner",13,2,75,0.303500797473018
"is_covered145","dgp60","coverage","bart_s-learner",13,2,75,1
"ate_estimate146","dgp60","ate_estimate","bart_s-learner",13,3,75,1.70851643199636
"ate_bias146","dgp60","ate_bias","bart_s-learner",13,3,75,0.0222681204601585
"ci_length146","dgp60","ci_length","bart_s-learner",13,3,75,0.301108711239458
"is_covered146","dgp60","coverage","bart_s-learner",13,3,75,1
"ate_estimate147","dgp60","ate_estimate","bart_s-learner",13,5,75,1.64115242162756
"ate_bias147","dgp60","ate_bias","bart_s-learner",13,5,75,-0.0450958899086382
"ci_length147","dgp60","ci_length","bart_s-learner",13,5,75,0.304684425317853
"is_covered147","dgp60","coverage","bart_s-learner",13,5,75,1
"ate_estimate148","dgp60","ate_estimate","bart_s-learner",13,1,100,1.78102568993219
"ate_bias148","dgp60","ate_bias","bart_s-learner",13,1,100,0.0947773783959913
"ci_length148","dgp60","ci_length","bart_s-learner",13,1,100,0.30567289832314
"is_covered148","dgp60","coverage","bart_s-learner",13,1,100,1
"ate_estimate149","dgp60","ate_estimate","bart_s-learner",13,2,100,1.73929040443448
"ate_bias149","dgp60","ate_bias","bart_s-learner",13,2,100,0.0530420928982835
"ci_length149","dgp60","ci_length","bart_s-learner",13,2,100,0.299820397383892
"is_covered149","dgp60","coverage","bart_s-learner",13,2,100,1
"ate_estimate150","dgp60","ate_estimate","bart_s-learner",13,3,100,1.70028286491992
"ate_bias150","dgp60","ate_bias","bart_s-learner",13,3,100,0.0140345533837194
"ci_length150","dgp60","ci_length","bart_s-learner",13,3,100,0.300690133102651
"is_covered150","dgp60","coverage","bart_s-learner",13,3,100,1
"ate_estimate151","dgp60","ate_estimate","bart_s-learner",13,5,100,1.62797356988124
"ate_bias151","dgp60","ate_bias","bart_s-learner",13,5,100,-0.0582747416549627
"ci_length151","dgp60","ci_length","bart_s-learner",13,5,100,0.305325655537496
"is_covered151","dgp60","coverage","bart_s-learner",13,5,100,1
"ate_estimate152","dgp60","ate_estimate","bart_s-learner",13,1,200,1.76838660494044
"ate_bias152","dgp60","ate_bias","bart_s-learner",13,1,200,0.0821382934042445
"ci_length152","dgp60","ci_length","bart_s-learner",13,1,200,0.305124543230728
"is_covered152","dgp60","coverage","bart_s-learner",13,1,200,1
"ate_estimate153","dgp60","ate_estimate","bart_s-learner",13,2,200,1.71883125756128
"ate_bias153","dgp60","ate_bias","bart_s-learner",13,2,200,0.0325829460250842
"ci_length153","dgp60","ci_length","bart_s-learner",13,2,200,0.298795362076683
"is_covered153","dgp60","coverage","bart_s-learner",13,2,200,1
"ate_estimate154","dgp60","ate_estimate","bart_s-learner",13,3,200,1.67863879618674
"ate_bias154","dgp60","ate_bias","bart_s-learner",13,3,200,-0.00760951534945975
"ci_length154","dgp60","ci_length","bart_s-learner",13,3,200,0.301003886346136
"is_covered154","dgp60","coverage","bart_s-learner",13,3,200,1
"ate_estimate155","dgp60","ate_estimate","bart_s-learner",13,5,200,1.59246376848
"ate_bias155","dgp60","ate_bias","bart_s-learner",13,5,200,-0.0937845430562008
"ci_length155","dgp60","ci_length","bart_s-learner",13,5,200,0.306216559169394
"is_covered155","dgp60","coverage","bart_s-learner",13,5,200,1
"ate_estimate156","dgp60","ate_estimate","bart_s-learner",14,1,75,1.57605844831254
"ate_bias156","dgp60","ate_bias","bart_s-learner",14,1,75,-0.110189863223658
"ci_length156","dgp60","ci_length","bart_s-learner",14,1,75,0.303247988139231
"is_covered156","dgp60","coverage","bart_s-learner",14,1,75,1
"ate_estimate157","dgp60","ate_estimate","bart_s-learner",14,2,75,1.55863597536362
"ate_bias157","dgp60","ate_bias","bart_s-learner",14,2,75,-0.127612336172579
"ci_length157","dgp60","ci_length","bart_s-learner",14,2,75,0.296480703315541
"is_covered157","dgp60","coverage","bart_s-learner",14,2,75,1
"ate_estimate158","dgp60","ate_estimate","bart_s-learner",14,3,75,1.54051805804301
"ate_bias158","dgp60","ate_bias","bart_s-learner",14,3,75,-0.145730253493188
"ci_length158","dgp60","ci_length","bart_s-learner",14,3,75,0.293624040571117
"is_covered158","dgp60","coverage","bart_s-learner",14,3,75,1
"ate_estimate159","dgp60","ate_estimate","bart_s-learner",14,5,75,1.50088421208856
"ate_bias159","dgp60","ate_bias","bart_s-learner",14,5,75,-0.185364099447644
"ci_length159","dgp60","ci_length","bart_s-learner",14,5,75,0.290588387022252
"is_covered159","dgp60","coverage","bart_s-learner",14,5,75,0
"ate_estimate160","dgp60","ate_estimate","bart_s-learner",14,1,100,1.57094743420511
"ate_bias160","dgp60","ate_bias","bart_s-learner",14,1,100,-0.115300877331089
"ci_length160","dgp60","ci_length","bart_s-learner",14,1,100,0.300181181841445
"is_covered160","dgp60","coverage","bart_s-learner",14,1,100,1
"ate_estimate161","dgp60","ate_estimate","bart_s-learner",14,2,100,1.55370971514347
"ate_bias161","dgp60","ate_bias","bart_s-learner",14,2,100,-0.132538596392733
"ci_length161","dgp60","ci_length","bart_s-learner",14,2,100,0.298940946677344
"is_covered161","dgp60","coverage","bart_s-learner",14,2,100,1
"ate_estimate162","dgp60","ate_estimate","bart_s-learner",14,3,100,1.53569441664368
"ate_bias162","dgp60","ate_bias","bart_s-learner",14,3,100,-0.150553894892519
"ci_length162","dgp60","ci_length","bart_s-learner",14,3,100,0.298905618178683
"is_covered162","dgp60","coverage","bart_s-learner",14,3,100,0
"ate_estimate163","dgp60","ate_estimate","bart_s-learner",14,5,100,1.49032101206888
"ate_bias163","dgp60","ate_bias","bart_s-learner",14,5,100,-0.195927299467319
"ci_length163","dgp60","ci_length","bart_s-learner",14,5,100,0.290431694811208
"is_covered163","dgp60","coverage","bart_s-learner",14,5,100,0
"ate_estimate164","dgp60","ate_estimate","bart_s-learner",14,1,200,1.56926743050533
"ate_bias164","dgp60","ate_bias","bart_s-learner",14,1,200,-0.116980881030871
"ci_length164","dgp60","ci_length","bart_s-learner",14,1,200,0.304251724820921
"is_covered164","dgp60","coverage","bart_s-learner",14,1,200,1
"ate_estimate165","dgp60","ate_estimate","bart_s-learner",14,2,200,1.54664788584227
"ate_bias165","dgp60","ate_bias","bart_s-learner",14,2,200,-0.139600425693933
"ci_length165","dgp60","ci_length","bart_s-learner",14,2,200,0.306517944773965
"is_covered165","dgp60","coverage","bart_s-learner",14,2,200,1
"ate_estimate166","dgp60","ate_estimate","bart_s-learner",14,3,200,1.52071548673625
"ate_bias166","dgp60","ate_bias","bart_s-learner",14,3,200,-0.165532824799951
"ci_length166","dgp60","ci_length","bart_s-learner",14,3,200,0.293411039806357
"is_covered166","dgp60","coverage","bart_s-learner",14,3,200,0
"ate_estimate167","dgp60","ate_estimate","bart_s-learner",14,5,200,1.46440757773672
"ate_bias167","dgp60","ate_bias","bart_s-learner",14,5,200,-0.221840733799484
"ci_length167","dgp60","ci_length","bart_s-learner",14,5,200,0.288798951435687
"is_covered167","dgp60","coverage","bart_s-learner",14,5,200,0
"ate_estimate168","dgp60","ate_estimate","bart_s-learner",15,1,75,1.68409583786244
"ate_bias168","dgp60","ate_bias","bart_s-learner",15,1,75,-0.00215247367376215
"ci_length168","dgp60","ci_length","bart_s-learner",15,1,75,0.312702333752654
"is_covered168","dgp60","coverage","bart_s-learner",15,1,75,1
"ate_estimate169","dgp60","ate_estimate","bart_s-learner",15,2,75,1.6761031607525
"ate_bias169","dgp60","ate_bias","bart_s-learner",15,2,75,-0.010145150783702
"ci_length169","dgp60","ci_length","bart_s-learner",15,2,75,0.318331908811186
"is_covered169","dgp60","coverage","bart_s-learner",15,2,75,1
"ate_estimate170","dgp60","ate_estimate","bart_s-learner",15,3,75,1.65127970337014
"ate_bias170","dgp60","ate_bias","bart_s-learner",15,3,75,-0.0349686081660614
"ci_length170","dgp60","ci_length","bart_s-learner",15,3,75,0.318651832006295
"is_covered170","dgp60","coverage","bart_s-learner",15,3,75,1
"ate_estimate171","dgp60","ate_estimate","bart_s-learner",15,5,75,1.60487697884738
"ate_bias171","dgp60","ate_bias","bart_s-learner",15,5,75,-0.081371332688817
"ci_length171","dgp60","ci_length","bart_s-learner",15,5,75,0.31046841475795
"is_covered171","dgp60","coverage","bart_s-learner",15,5,75,1
"ate_estimate172","dgp60","ate_estimate","bart_s-learner",15,1,100,1.6884841561755
"ate_bias172","dgp60","ate_bias","bart_s-learner",15,1,100,0.00223584463930404
"ci_length172","dgp60","ci_length","bart_s-learner",15,1,100,0.316431567805259
"is_covered172","dgp60","coverage","bart_s-learner",15,1,100,1
"ate_estimate173","dgp60","ate_estimate","bart_s-learner",15,2,100,1.67275005334221
"ate_bias173","dgp60","ate_bias","bart_s-learner",15,2,100,-0.0134982581939889
"ci_length173","dgp60","ci_length","bart_s-learner",15,2,100,0.308288439792603
"is_covered173","dgp60","coverage","bart_s-learner",15,2,100,1
"ate_estimate174","dgp60","ate_estimate","bart_s-learner",15,3,100,1.64835905473275
"ate_bias174","dgp60","ate_bias","bart_s-learner",15,3,100,-0.0378892568034541
"ci_length174","dgp60","ci_length","bart_s-learner",15,3,100,0.314766524649403
"is_covered174","dgp60","coverage","bart_s-learner",15,3,100,1
"ate_estimate175","dgp60","ate_estimate","bart_s-learner",15,5,100,1.59755991235313
"ate_bias175","dgp60","ate_bias","bart_s-learner",15,5,100,-0.0886883991830685
"ci_length175","dgp60","ci_length","bart_s-learner",15,5,100,0.299624244129716
"is_covered175","dgp60","coverage","bart_s-learner",15,5,100,1
"ate_estimate176","dgp60","ate_estimate","bart_s-learner",15,1,200,1.68858304318203
"ate_bias176","dgp60","ate_bias","bart_s-learner",15,1,200,0.00233473164582576
"ci_length176","dgp60","ci_length","bart_s-learner",15,1,200,0.329145887896689
"is_covered176","dgp60","coverage","bart_s-learner",15,1,200,1
"ate_estimate177","dgp60","ate_estimate","bart_s-learner",15,2,200,1.66792932833298
"ate_bias177","dgp60","ate_bias","bart_s-learner",15,2,200,-0.0183189832032231
"ci_length177","dgp60","ci_length","bart_s-learner",15,2,200,0.315916274000341
"is_covered177","dgp60","coverage","bart_s-learner",15,2,200,1
"ate_estimate178","dgp60","ate_estimate","bart_s-learner",15,3,200,1.64003505691744
"ate_bias178","dgp60","ate_bias","bart_s-learner",15,3,200,-0.0462132546187621
"ci_length178","dgp60","ci_length","bart_s-learner",15,3,200,0.303221827583106
"is_covered178","dgp60","coverage","bart_s-learner",15,3,200,1
"ate_estimate179","dgp60","ate_estimate","bart_s-learner",15,5,200,1.57662942102311
"ate_bias179","dgp60","ate_bias","bart_s-learner",15,5,200,-0.109618890513086
"ci_length179","dgp60","ci_length","bart_s-learner",15,5,200,0.310081203472616
"is_covered179","dgp60","coverage","bart_s-learner",15,5,200,1
"ate_estimate180","dgp60","ate_estimate","bart_s-learner",16,1,75,1.69849519908422
"ate_bias180","dgp60","ate_bias","bart_s-learner",16,1,75,0.0122468875480222
"ci_length180","dgp60","ci_length","bart_s-learner",16,1,75,0.315544764200002
"is_covered180","dgp60","coverage","bart_s-learner",16,1,75,1
"ate_estimate181","dgp60","ate_estimate","bart_s-learner",16,2,75,1.69182893804831
"ate_bias181","dgp60","ate_bias","bart_s-learner",16,2,75,0.00558062651211033
"ci_length181","dgp60","ci_length","bart_s-learner",16,2,75,0.309111617162008
"is_covered181","dgp60","coverage","bart_s-learner",16,2,75,1
"ate_estimate182","dgp60","ate_estimate","bart_s-learner",16,3,75,1.67250678764294
"ate_bias182","dgp60","ate_bias","bart_s-learner",16,3,75,-0.0137415238932641
"ci_length182","dgp60","ci_length","bart_s-learner",16,3,75,0.307585035553752
"is_covered182","dgp60","coverage","bart_s-learner",16,3,75,1
"ate_estimate183","dgp60","ate_estimate","bart_s-learner",16,5,75,1.62784561307391
"ate_bias183","dgp60","ate_bias","bart_s-learner",16,5,75,-0.0584026984622878
"ci_length183","dgp60","ci_length","bart_s-learner",16,5,75,0.305407434469024
"is_covered183","dgp60","coverage","bart_s-learner",16,5,75,1
"ate_estimate184","dgp60","ate_estimate","bart_s-learner",16,1,100,1.69153424495351
"ate_bias184","dgp60","ate_bias","bart_s-learner",16,1,100,0.00528593341731209
"ci_length184","dgp60","ci_length","bart_s-learner",16,1,100,0.300023995535488
"is_covered184","dgp60","coverage","bart_s-learner",16,1,100,1
"ate_estimate185","dgp60","ate_estimate","bart_s-learner",16,2,100,1.68424338333014
"ate_bias185","dgp60","ate_bias","bart_s-learner",16,2,100,-0.00200492820605702
"ci_length185","dgp60","ci_length","bart_s-learner",16,2,100,0.29807674795872
"is_covered185","dgp60","coverage","bart_s-learner",16,2,100,1
"ate_estimate186","dgp60","ate_estimate","bart_s-learner",16,3,100,1.66495064007143
"ate_bias186","dgp60","ate_bias","bart_s-learner",16,3,100,-0.0212976714647679
"ci_length186","dgp60","ci_length","bart_s-learner",16,3,100,0.30371305780253
"is_covered186","dgp60","coverage","bart_s-learner",16,3,100,1
"ate_estimate187","dgp60","ate_estimate","bart_s-learner",16,5,100,1.61738929892029
"ate_bias187","dgp60","ate_bias","bart_s-learner",16,5,100,-0.0688590126159143
"ci_length187","dgp60","ci_length","bart_s-learner",16,5,100,0.3015346205804
"is_covered187","dgp60","coverage","bart_s-learner",16,5,100,1
"ate_estimate188","dgp60","ate_estimate","bart_s-learner",16,1,200,1.70144757838084
"ate_bias188","dgp60","ate_bias","bart_s-learner",16,1,200,0.0151992668446377
"ci_length188","dgp60","ci_length","bart_s-learner",16,1,200,0.314189194270036
"is_covered188","dgp60","coverage","bart_s-learner",16,1,200,1
"ate_estimate189","dgp60","ate_estimate","bart_s-learner",16,2,200,1.68073549637821
"ate_bias189","dgp60","ate_bias","bart_s-learner",16,2,200,-0.00551281515799085
"ci_length189","dgp60","ci_length","bart_s-learner",16,2,200,0.304271397712495
"is_covered189","dgp60","coverage","bart_s-learner",16,2,200,1
"ate_estimate190","dgp60","ate_estimate","bart_s-learner",16,3,200,1.65244171070075
"ate_bias190","dgp60","ate_bias","bart_s-learner",16,3,200,-0.0338066008354503
"ci_length190","dgp60","ci_length","bart_s-learner",16,3,200,0.297952644582136
"is_covered190","dgp60","coverage","bart_s-learner",16,3,200,1
"ate_estimate191","dgp60","ate_estimate","bart_s-learner",16,5,200,1.58909098884934
"ate_bias191","dgp60","ate_bias","bart_s-learner",16,5,200,-0.0971573226868647
"ci_length191","dgp60","ci_length","bart_s-learner",16,5,200,0.297453141051511
"is_covered191","dgp60","coverage","bart_s-learner",16,5,200,1
"ate_estimate192","dgp60","ate_estimate","bart_s-learner",17,1,75,1.81717302653648
"ate_bias192","dgp60","ate_bias","bart_s-learner",17,1,75,0.130924715000282
"ci_length192","dgp60","ci_length","bart_s-learner",17,1,75,0.315625678081452
"is_covered192","dgp60","coverage","bart_s-learner",17,1,75,1
"ate_estimate193","dgp60","ate_estimate","bart_s-learner",17,2,75,1.79884471505679
"ate_bias193","dgp60","ate_bias","bart_s-learner",17,2,75,0.112596403520594
"ci_length193","dgp60","ci_length","bart_s-learner",17,2,75,0.318599594375995
"is_covered193","dgp60","coverage","bart_s-learner",17,2,75,1
"ate_estimate194","dgp60","ate_estimate","bart_s-learner",17,3,75,1.77467197494802
"ate_bias194","dgp60","ate_bias","bart_s-learner",17,3,75,0.0884236634118207
"ci_length194","dgp60","ci_length","bart_s-learner",17,3,75,0.308115854906324
"is_covered194","dgp60","coverage","bart_s-learner",17,3,75,1
"ate_estimate195","dgp60","ate_estimate","bart_s-learner",17,5,75,1.71947261619901
"ate_bias195","dgp60","ate_bias","bart_s-learner",17,5,75,0.033224304662814
"ci_length195","dgp60","ci_length","bart_s-learner",17,5,75,0.30470492355845
"is_covered195","dgp60","coverage","bart_s-learner",17,5,75,1
"ate_estimate196","dgp60","ate_estimate","bart_s-learner",17,1,100,1.81717422223128
"ate_bias196","dgp60","ate_bias","bart_s-learner",17,1,100,0.130925910695085
"ci_length196","dgp60","ci_length","bart_s-learner",17,1,100,0.324865007899241
"is_covered196","dgp60","coverage","bart_s-learner",17,1,100,1
"ate_estimate197","dgp60","ate_estimate","bart_s-learner",17,2,100,1.79340419075526
"ate_bias197","dgp60","ate_bias","bart_s-learner",17,2,100,0.107155879219064
"ci_length197","dgp60","ci_length","bart_s-learner",17,2,100,0.322698163285625
"is_covered197","dgp60","coverage","bart_s-learner",17,2,100,1
"ate_estimate198","dgp60","ate_estimate","bart_s-learner",17,3,100,1.76582338712313
"ate_bias198","dgp60","ate_bias","bart_s-learner",17,3,100,0.0795750755869329
"ci_length198","dgp60","ci_length","bart_s-learner",17,3,100,0.306655294786522
"is_covered198","dgp60","coverage","bart_s-learner",17,3,100,1
"ate_estimate199","dgp60","ate_estimate","bart_s-learner",17,5,100,1.70567509749555
"ate_bias199","dgp60","ate_bias","bart_s-learner",17,5,100,0.0194267859593547
"ci_length199","dgp60","ci_length","bart_s-learner",17,5,100,0.309453721696284
"is_covered199","dgp60","coverage","bart_s-learner",17,5,100,1
"ate_estimate200","dgp60","ate_estimate","bart_s-learner",17,1,200,1.80759350610558
"ate_bias200","dgp60","ate_bias","bart_s-learner",17,1,200,0.121345194569378
"ci_length200","dgp60","ci_length","bart_s-learner",17,1,200,0.329890188172685
"is_covered200","dgp60","coverage","bart_s-learner",17,1,200,1
"ate_estimate201","dgp60","ate_estimate","bart_s-learner",17,2,200,1.78426928233144
"ate_bias201","dgp60","ate_bias","bart_s-learner",17,2,200,0.0980209707952377
"ci_length201","dgp60","ci_length","bart_s-learner",17,2,200,0.320083822265286
"is_covered201","dgp60","coverage","bart_s-learner",17,2,200,1
"ate_estimate202","dgp60","ate_estimate","bart_s-learner",17,3,200,1.7506200089613
"ate_bias202","dgp60","ate_bias","bart_s-learner",17,3,200,0.0643716974251012
"ci_length202","dgp60","ci_length","bart_s-learner",17,3,200,0.310135346451023
"is_covered202","dgp60","coverage","bart_s-learner",17,3,200,1
"ate_estimate203","dgp60","ate_estimate","bart_s-learner",17,5,200,1.67742110577269
"ate_bias203","dgp60","ate_bias","bart_s-learner",17,5,200,-0.00882720576351304
"ci_length203","dgp60","ci_length","bart_s-learner",17,5,200,0.307553652272556
"is_covered203","dgp60","coverage","bart_s-learner",17,5,200,1
"ate_estimate204","dgp60","ate_estimate","bart_s-learner",18,1,75,1.82190232256379
"ate_bias204","dgp60","ate_bias","bart_s-learner",18,1,75,0.135654011027592
"ci_length204","dgp60","ci_length","bart_s-learner",18,1,75,0.292774347992324
"is_covered204","dgp60","coverage","bart_s-learner",18,1,75,1
"ate_estimate205","dgp60","ate_estimate","bart_s-learner",18,2,75,1.78726071309633
"ate_bias205","dgp60","ate_bias","bart_s-learner",18,2,75,0.101012401560131
"ci_length205","dgp60","ci_length","bart_s-learner",18,2,75,0.292117991714021
"is_covered205","dgp60","coverage","bart_s-learner",18,2,75,1
"ate_estimate206","dgp60","ate_estimate","bart_s-learner",18,3,75,1.75635982620082
"ate_bias206","dgp60","ate_bias","bart_s-learner",18,3,75,0.0701115146646192
"ci_length206","dgp60","ci_length","bart_s-learner",18,3,75,0.284686477927881
"is_covered206","dgp60","coverage","bart_s-learner",18,3,75,1
"ate_estimate207","dgp60","ate_estimate","bart_s-learner",18,5,75,1.68920596572213
"ate_bias207","dgp60","ate_bias","bart_s-learner",18,5,75,0.00295765418592864
"ci_length207","dgp60","ci_length","bart_s-learner",18,5,75,0.290928397288386
"is_covered207","dgp60","coverage","bart_s-learner",18,5,75,1
"ate_estimate208","dgp60","ate_estimate","bart_s-learner",18,1,100,1.8210073746626
"ate_bias208","dgp60","ate_bias","bart_s-learner",18,1,100,0.134759063126398
"ci_length208","dgp60","ci_length","bart_s-learner",18,1,100,0.309958474667578
"is_covered208","dgp60","coverage","bart_s-learner",18,1,100,1
"ate_estimate209","dgp60","ate_estimate","bart_s-learner",18,2,100,1.78127065978583
"ate_bias209","dgp60","ate_bias","bart_s-learner",18,2,100,0.0950223482496275
"ci_length209","dgp60","ci_length","bart_s-learner",18,2,100,0.292994787552376
"is_covered209","dgp60","coverage","bart_s-learner",18,2,100,1
"ate_estimate210","dgp60","ate_estimate","bart_s-learner",18,3,100,1.74815239454538
"ate_bias210","dgp60","ate_bias","bart_s-learner",18,3,100,0.0619040830091766
"ci_length210","dgp60","ci_length","bart_s-learner",18,3,100,0.289280778662746
"is_covered210","dgp60","coverage","bart_s-learner",18,3,100,1
"ate_estimate211","dgp60","ate_estimate","bart_s-learner",18,5,100,1.68082395139
"ate_bias211","dgp60","ate_bias","bart_s-learner",18,5,100,-0.00542436014620318
"ci_length211","dgp60","ci_length","bart_s-learner",18,5,100,0.287403501012125
"is_covered211","dgp60","coverage","bart_s-learner",18,5,100,1
"ate_estimate212","dgp60","ate_estimate","bart_s-learner",18,1,200,1.81709404346811
"ate_bias212","dgp60","ate_bias","bart_s-learner",18,1,200,0.130845731931915
"ci_length212","dgp60","ci_length","bart_s-learner",18,1,200,0.310418622871661
"is_covered212","dgp60","coverage","bart_s-learner",18,1,200,1
"ate_estimate213","dgp60","ate_estimate","bart_s-learner",18,2,200,1.77614561462497
"ate_bias213","dgp60","ate_bias","bart_s-learner",18,2,200,0.0898973030887655
"ci_length213","dgp60","ci_length","bart_s-learner",18,2,200,0.294865167902955
"is_covered213","dgp60","coverage","bart_s-learner",18,2,200,1
"ate_estimate214","dgp60","ate_estimate","bart_s-learner",18,3,200,1.73194140127895
"ate_bias214","dgp60","ate_bias","bart_s-learner",18,3,200,0.0456930897427514
"ci_length214","dgp60","ci_length","bart_s-learner",18,3,200,0.302379239614438
"is_covered214","dgp60","coverage","bart_s-learner",18,3,200,1
"ate_estimate215","dgp60","ate_estimate","bart_s-learner",18,5,200,1.65010347799122
"ate_bias215","dgp60","ate_bias","bart_s-learner",18,5,200,-0.0361448335449772
"ci_length215","dgp60","ci_length","bart_s-learner",18,5,200,0.287876661933153
"is_covered215","dgp60","coverage","bart_s-learner",18,5,200,1
"ate_estimate216","dgp60","ate_estimate","bart_s-learner",19,1,75,1.54202316731918
"ate_bias216","dgp60","ate_bias","bart_s-learner",19,1,75,-0.144225144217017
"ci_length216","dgp60","ci_length","bart_s-learner",19,1,75,0.320057750810692
"is_covered216","dgp60","coverage","bart_s-learner",19,1,75,1
"ate_estimate217","dgp60","ate_estimate","bart_s-learner",19,2,75,1.5208978448725
"ate_bias217","dgp60","ate_bias","bart_s-learner",19,2,75,-0.1653504666637
"ci_length217","dgp60","ci_length","bart_s-learner",19,2,75,0.301498553273769
"is_covered217","dgp60","coverage","bart_s-learner",19,2,75,0
"ate_estimate218","dgp60","ate_estimate","bart_s-learner",19,3,75,1.4924904829534
"ate_bias218","dgp60","ate_bias","bart_s-learner",19,3,75,-0.193757828582797
"ci_length218","dgp60","ci_length","bart_s-learner",19,3,75,0.300182076943058
"is_covered218","dgp60","coverage","bart_s-learner",19,3,75,0
"ate_estimate219","dgp60","ate_estimate","bart_s-learner",19,5,75,1.43965138856063
"ate_bias219","dgp60","ate_bias","bart_s-learner",19,5,75,-0.246596922975574
"ci_length219","dgp60","ci_length","bart_s-learner",19,5,75,0.299239343053319
"is_covered219","dgp60","coverage","bart_s-learner",19,5,75,0
"ate_estimate220","dgp60","ate_estimate","bart_s-learner",19,1,100,1.53874742447238
"ate_bias220","dgp60","ate_bias","bart_s-learner",19,1,100,-0.147500887063817
"ci_length220","dgp60","ci_length","bart_s-learner",19,1,100,0.307737952916848
"is_covered220","dgp60","coverage","bart_s-learner",19,1,100,1
"ate_estimate221","dgp60","ate_estimate","bart_s-learner",19,2,100,1.52003063831765
"ate_bias221","dgp60","ate_bias","bart_s-learner",19,2,100,-0.166217673218551
"ci_length221","dgp60","ci_length","bart_s-learner",19,2,100,0.31409821574309
"is_covered221","dgp60","coverage","bart_s-learner",19,2,100,0
"ate_estimate222","dgp60","ate_estimate","bart_s-learner",19,3,100,1.48964994866384
"ate_bias222","dgp60","ate_bias","bart_s-learner",19,3,100,-0.196598362872363
"ci_length222","dgp60","ci_length","bart_s-learner",19,3,100,0.303601078330329
"is_covered222","dgp60","coverage","bart_s-learner",19,3,100,0
"ate_estimate223","dgp60","ate_estimate","bart_s-learner",19,5,100,1.42837581904505
"ate_bias223","dgp60","ate_bias","bart_s-learner",19,5,100,-0.257872492491155
"ci_length223","dgp60","ci_length","bart_s-learner",19,5,100,0.303850730855591
"is_covered223","dgp60","coverage","bart_s-learner",19,5,100,0
"ate_estimate224","dgp60","ate_estimate","bart_s-learner",19,1,200,1.53956738854716
"ate_bias224","dgp60","ate_bias","bart_s-learner",19,1,200,-0.146680922989037
"ci_length224","dgp60","ci_length","bart_s-learner",19,1,200,0.311633457262903
"is_covered224","dgp60","coverage","bart_s-learner",19,1,200,1
"ate_estimate225","dgp60","ate_estimate","bart_s-learner",19,2,200,1.51075536386095
"ate_bias225","dgp60","ate_bias","bart_s-learner",19,2,200,-0.175492947675252
"ci_length225","dgp60","ci_length","bart_s-learner",19,2,200,0.30204466129189
"is_covered225","dgp60","coverage","bart_s-learner",19,2,200,0
"ate_estimate226","dgp60","ate_estimate","bart_s-learner",19,3,200,1.47629791655085
"ate_bias226","dgp60","ate_bias","bart_s-learner",19,3,200,-0.209950394985349
"ci_length226","dgp60","ci_length","bart_s-learner",19,3,200,0.309763638616672
"is_covered226","dgp60","coverage","bart_s-learner",19,3,200,0
"ate_estimate227","dgp60","ate_estimate","bart_s-learner",19,5,200,1.40674419440175
"ate_bias227","dgp60","ate_bias","bart_s-learner",19,5,200,-0.279504117134454
"ci_length227","dgp60","ci_length","bart_s-learner",19,5,200,0.302844340563329
"is_covered227","dgp60","coverage","bart_s-learner",19,5,200,0
"ate_estimate228","dgp60","ate_estimate","bart_s-learner",20,1,75,1.6414260232167
"ate_bias228","dgp60","ate_bias","bart_s-learner",20,1,75,-0.0448222883194984
"ci_length228","dgp60","ci_length","bart_s-learner",20,1,75,0.297980329742234
"is_covered228","dgp60","coverage","bart_s-learner",20,1,75,1
"ate_estimate229","dgp60","ate_estimate","bart_s-learner",20,2,75,1.62045566901446
"ate_bias229","dgp60","ate_bias","bart_s-learner",20,2,75,-0.065792642521735
"ci_length229","dgp60","ci_length","bart_s-learner",20,2,75,0.301081050678088
"is_covered229","dgp60","coverage","bart_s-learner",20,2,75,1
"ate_estimate230","dgp60","ate_estimate","bart_s-learner",20,3,75,1.60050011045186
"ate_bias230","dgp60","ate_bias","bart_s-learner",20,3,75,-0.08574820108434
"ci_length230","dgp60","ci_length","bart_s-learner",20,3,75,0.299727008540178
"is_covered230","dgp60","coverage","bart_s-learner",20,3,75,1
"ate_estimate231","dgp60","ate_estimate","bart_s-learner",20,5,75,1.54490111950873
"ate_bias231","dgp60","ate_bias","bart_s-learner",20,5,75,-0.14134719202747
"ci_length231","dgp60","ci_length","bart_s-learner",20,5,75,0.294535884353684
"is_covered231","dgp60","coverage","bart_s-learner",20,5,75,1
"ate_estimate232","dgp60","ate_estimate","bart_s-learner",20,1,100,1.63358105352954
"ate_bias232","dgp60","ate_bias","bart_s-learner",20,1,100,-0.0526672580066601
"ci_length232","dgp60","ci_length","bart_s-learner",20,1,100,0.308519821812898
"is_covered232","dgp60","coverage","bart_s-learner",20,1,100,1
"ate_estimate233","dgp60","ate_estimate","bart_s-learner",20,2,100,1.61728332967353
"ate_bias233","dgp60","ate_bias","bart_s-learner",20,2,100,-0.0689649818626654
"ci_length233","dgp60","ci_length","bart_s-learner",20,2,100,0.303681367139132
"is_covered233","dgp60","coverage","bart_s-learner",20,2,100,1
"ate_estimate234","dgp60","ate_estimate","bart_s-learner",20,3,100,1.58974568519699
"ate_bias234","dgp60","ate_bias","bart_s-learner",20,3,100,-0.096502626339211
"ci_length234","dgp60","ci_length","bart_s-learner",20,3,100,0.294998539349405
"is_covered234","dgp60","coverage","bart_s-learner",20,3,100,1
"ate_estimate235","dgp60","ate_estimate","bart_s-learner",20,5,100,1.53569760539577
"ate_bias235","dgp60","ate_bias","bart_s-learner",20,5,100,-0.150550706140431
"ci_length235","dgp60","ci_length","bart_s-learner",20,5,100,0.294578614159563
"is_covered235","dgp60","coverage","bart_s-learner",20,5,100,0
"ate_estimate236","dgp60","ate_estimate","bart_s-learner",20,1,200,1.6301416231862
"ate_bias236","dgp60","ate_bias","bart_s-learner",20,1,200,-0.0561066883499979
"ci_length236","dgp60","ci_length","bart_s-learner",20,1,200,0.316418144320022
"is_covered236","dgp60","coverage","bart_s-learner",20,1,200,1
"ate_estimate237","dgp60","ate_estimate","bart_s-learner",20,2,200,1.60869402726084
"ate_bias237","dgp60","ate_bias","bart_s-learner",20,2,200,-0.0775542842753647
"ci_length237","dgp60","ci_length","bart_s-learner",20,2,200,0.305386534640545
"is_covered237","dgp60","coverage","bart_s-learner",20,2,200,1
"ate_estimate238","dgp60","ate_estimate","bart_s-learner",20,3,200,1.57599417609589
"ate_bias238","dgp60","ate_bias","bart_s-learner",20,3,200,-0.11025413544031
"ci_length238","dgp60","ci_length","bart_s-learner",20,3,200,0.298223058196376
"is_covered238","dgp60","coverage","bart_s-learner",20,3,200,1
"ate_estimate239","dgp60","ate_estimate","bart_s-learner",20,5,200,1.50693373118403
"ate_bias239","dgp60","ate_bias","bart_s-learner",20,5,200,-0.179314580352169
"ci_length239","dgp60","ci_length","bart_s-learner",20,5,200,0.292532431989753
"is_covered239","dgp60","coverage","bart_s-learner",20,5,200,0
