"dgp","metric","model","iteration","ps_model","regression_model","value"
"dgp29","ate_estimate","bart_ps-bart",1,"bart","linear_basic",4.01541602889691
"dgp29","ate_bias","bart_ps-bart",1,"bart","linear_basic",-0.0154160288969063
"dgp29","ci_length","bart_ps-bart",1,"bart","linear_basic",1.52650943732719
"dgp29","coverage","bart_ps-bart",1,"bart","linear_basic",1
"dgp29","ate_estimate","bart_ps-bart",2,"bart","linear_basic",4.19600852998104
"dgp29","ate_bias","bart_ps-bart",2,"bart","linear_basic",-0.196008529981045
"dgp29","ci_length","bart_ps-bart",2,"bart","linear_basic",1.62866950435194
"dgp29","coverage","bart_ps-bart",2,"bart","linear_basic",1
"dgp29","ate_estimate","bart_ps-bart",3,"bart","linear_basic",4.45654090605228
"dgp29","ate_bias","bart_ps-bart",3,"bart","linear_basic",-0.456540906052284
"dgp29","ci_length","bart_ps-bart",3,"bart","linear_basic",1.55025807865006
"dgp29","coverage","bart_ps-bart",3,"bart","linear_basic",1
"dgp29","ate_estimate","bart_ps-bart",4,"bart","linear_basic",3.45122347334484
"dgp29","ate_bias","bart_ps-bart",4,"bart","linear_basic",0.548776526655162
"dgp29","ci_length","bart_ps-bart",4,"bart","linear_basic",1.53631327745636
"dgp29","coverage","bart_ps-bart",4,"bart","linear_basic",1
"dgp29","ate_estimate","bart_ps-bart",5,"bart","linear_basic",4.05067677588262
"dgp29","ate_bias","bart_ps-bart",5,"bart","linear_basic",-0.0506767758826188
"dgp29","ci_length","bart_ps-bart",5,"bart","linear_basic",1.66249657668272
"dgp29","coverage","bart_ps-bart",5,"bart","linear_basic",1
"dgp29","ate_estimate","bart_ps-bart",6,"bart","linear_basic",3.62748534637247
"dgp29","ate_bias","bart_ps-bart",6,"bart","linear_basic",0.372514653627531
"dgp29","ci_length","bart_ps-bart",6,"bart","linear_basic",1.68627269842327
"dgp29","coverage","bart_ps-bart",6,"bart","linear_basic",1
"dgp29","ate_estimate","bart_ps-bart",7,"bart","linear_basic",4.58133796528354
"dgp29","ate_bias","bart_ps-bart",7,"bart","linear_basic",-0.581337965283537
"dgp29","ci_length","bart_ps-bart",7,"bart","linear_basic",1.5783487113964
"dgp29","coverage","bart_ps-bart",7,"bart","linear_basic",1
"dgp29","ate_estimate","bart_ps-bart",8,"bart","linear_basic",4.89726884376599
"dgp29","ate_bias","bart_ps-bart",8,"bart","linear_basic",-0.897268843765991
"dgp29","ci_length","bart_ps-bart",8,"bart","linear_basic",1.50372993404778
"dgp29","coverage","bart_ps-bart",8,"bart","linear_basic",0
"dgp29","ate_estimate","bart_ps-bart",9,"bart","linear_basic",4.24481321887562
"dgp29","ate_bias","bart_ps-bart",9,"bart","linear_basic",-0.244813218875617
"dgp29","ci_length","bart_ps-bart",9,"bart","linear_basic",1.62165192311712
"dgp29","coverage","bart_ps-bart",9,"bart","linear_basic",1
"dgp29","ate_estimate","bart_ps-bart",10,"bart","linear_basic",3.08678000460478
"dgp29","ate_bias","bart_ps-bart",10,"bart","linear_basic",0.913219995395224
"dgp29","ci_length","bart_ps-bart",10,"bart","linear_basic",1.59175139007605
"dgp29","coverage","bart_ps-bart",10,"bart","linear_basic",0
"dgp29","ate_estimate","bart_ps-bart",11,"bart","linear_basic",4.73542471705769
"dgp29","ate_bias","bart_ps-bart",11,"bart","linear_basic",-0.735424717057692
"dgp29","ci_length","bart_ps-bart",11,"bart","linear_basic",1.59785907108024
"dgp29","coverage","bart_ps-bart",11,"bart","linear_basic",1
"dgp29","ate_estimate","bart_ps-bart",12,"bart","linear_basic",3.77828092746581
"dgp29","ate_bias","bart_ps-bart",12,"bart","linear_basic",0.221719072534191
"dgp29","ci_length","bart_ps-bart",12,"bart","linear_basic",1.56537105165482
"dgp29","coverage","bart_ps-bart",12,"bart","linear_basic",1
"dgp29","ate_estimate","bart_ps-bart",13,"bart","linear_basic",3.48494698083223
"dgp29","ate_bias","bart_ps-bart",13,"bart","linear_basic",0.515053019167767
"dgp29","ci_length","bart_ps-bart",13,"bart","linear_basic",1.5128248325254
"dgp29","coverage","bart_ps-bart",13,"bart","linear_basic",1
"dgp29","ate_estimate","bart_ps-bart",14,"bart","linear_basic",4.02019860305596
"dgp29","ate_bias","bart_ps-bart",14,"bart","linear_basic",-0.0201986030559622
"dgp29","ci_length","bart_ps-bart",14,"bart","linear_basic",1.55640800731731
"dgp29","coverage","bart_ps-bart",14,"bart","linear_basic",1
"dgp29","ate_estimate","bart_ps-bart",15,"bart","linear_basic",4.48903380814726
"dgp29","ate_bias","bart_ps-bart",15,"bart","linear_basic",-0.489033808147258
"dgp29","ci_length","bart_ps-bart",15,"bart","linear_basic",1.52570136451834
"dgp29","coverage","bart_ps-bart",15,"bart","linear_basic",1
"dgp29","ate_estimate","bart_ps-bart",16,"bart","linear_basic",4.56269226597179
"dgp29","ate_bias","bart_ps-bart",16,"bart","linear_basic",-0.562692265971788
"dgp29","ci_length","bart_ps-bart",16,"bart","linear_basic",1.55407863058816
"dgp29","coverage","bart_ps-bart",16,"bart","linear_basic",1
"dgp29","ate_estimate","bart_ps-bart",17,"bart","linear_basic",3.89780730330614
"dgp29","ate_bias","bart_ps-bart",17,"bart","linear_basic",0.102192696693856
"dgp29","ci_length","bart_ps-bart",17,"bart","linear_basic",1.51590557607009
"dgp29","coverage","bart_ps-bart",17,"bart","linear_basic",1
"dgp29","ate_estimate","bart_ps-bart",18,"bart","linear_basic",3.71923539761116
"dgp29","ate_bias","bart_ps-bart",18,"bart","linear_basic",0.280764602388841
"dgp29","ci_length","bart_ps-bart",18,"bart","linear_basic",1.52522048204064
"dgp29","coverage","bart_ps-bart",18,"bart","linear_basic",1
"dgp29","ate_estimate","bart_ps-bart",19,"bart","linear_basic",3.81469304303144
"dgp29","ate_bias","bart_ps-bart",19,"bart","linear_basic",0.18530695696856
"dgp29","ci_length","bart_ps-bart",19,"bart","linear_basic",1.6093554591033
"dgp29","coverage","bart_ps-bart",19,"bart","linear_basic",1
"dgp29","ate_estimate","bart_ps-bart",20,"bart","linear_basic",4.25891444458899
"dgp29","ate_bias","bart_ps-bart",20,"bart","linear_basic",-0.258914444588994
"dgp29","ci_length","bart_ps-bart",20,"bart","linear_basic",1.65542744713428
"dgp29","coverage","bart_ps-bart",20,"bart","linear_basic",1
"dgp30","ate_estimate","bart_ps-bart",1,"bart","linear_basic",11.4168351161734
"dgp30","ate_bias","bart_ps-bart",1,"bart","linear_basic",-1.41683511617338
"dgp30","ci_length","bart_ps-bart",1,"bart","linear_basic",3.34531776997599
"dgp30","coverage","bart_ps-bart",1,"bart","linear_basic",1
"dgp30","ate_estimate","bart_ps-bart",2,"bart","linear_basic",10.599242889226
"dgp30","ate_bias","bart_ps-bart",2,"bart","linear_basic",-0.599242889225978
"dgp30","ci_length","bart_ps-bart",2,"bart","linear_basic",2.969584624853
"dgp30","coverage","bart_ps-bart",2,"bart","linear_basic",1
"dgp30","ate_estimate","bart_ps-bart",3,"bart","linear_basic",10.9778830796884
"dgp30","ate_bias","bart_ps-bart",3,"bart","linear_basic",-0.977883079688446
"dgp30","ci_length","bart_ps-bart",3,"bart","linear_basic",3.27373348632944
"dgp30","coverage","bart_ps-bart",3,"bart","linear_basic",1
"dgp30","ate_estimate","bart_ps-bart",4,"bart","linear_basic",11.3205589534965
"dgp30","ate_bias","bart_ps-bart",4,"bart","linear_basic",-1.32055895349655
"dgp30","ci_length","bart_ps-bart",4,"bart","linear_basic",3.27258600618586
"dgp30","coverage","bart_ps-bart",4,"bart","linear_basic",1
"dgp30","ate_estimate","bart_ps-bart",5,"bart","linear_basic",10.5055197097678
"dgp30","ate_bias","bart_ps-bart",5,"bart","linear_basic",-0.505519709767833
"dgp30","ci_length","bart_ps-bart",5,"bart","linear_basic",2.85786441846108
"dgp30","coverage","bart_ps-bart",5,"bart","linear_basic",1
"dgp30","ate_estimate","bart_ps-bart",6,"bart","linear_basic",11.4484742358129
"dgp30","ate_bias","bart_ps-bart",6,"bart","linear_basic",-1.44847423581291
"dgp30","ci_length","bart_ps-bart",6,"bart","linear_basic",3.54776384668309
"dgp30","coverage","bart_ps-bart",6,"bart","linear_basic",1
"dgp30","ate_estimate","bart_ps-bart",7,"bart","linear_basic",11.5421034482078
"dgp30","ate_bias","bart_ps-bart",7,"bart","linear_basic",-1.54210344820777
"dgp30","ci_length","bart_ps-bart",7,"bart","linear_basic",2.61381882182485
"dgp30","coverage","bart_ps-bart",7,"bart","linear_basic",0
"dgp30","ate_estimate","bart_ps-bart",8,"bart","linear_basic",11.9475137946586
"dgp30","ate_bias","bart_ps-bart",8,"bart","linear_basic",-1.94751379465863
"dgp30","ci_length","bart_ps-bart",8,"bart","linear_basic",2.81082549963464
"dgp30","coverage","bart_ps-bart",8,"bart","linear_basic",0
"dgp30","ate_estimate","bart_ps-bart",9,"bart","linear_basic",11.3447390241996
"dgp30","ate_bias","bart_ps-bart",9,"bart","linear_basic",-1.34473902419956
"dgp30","ci_length","bart_ps-bart",9,"bart","linear_basic",3.2452990334732
"dgp30","coverage","bart_ps-bart",9,"bart","linear_basic",1
"dgp30","ate_estimate","bart_ps-bart",10,"bart","linear_basic",11.0730022460392
"dgp30","ate_bias","bart_ps-bart",10,"bart","linear_basic",-1.07300224603918
"dgp30","ci_length","bart_ps-bart",10,"bart","linear_basic",2.89454219403409
"dgp30","coverage","bart_ps-bart",10,"bart","linear_basic",1
"dgp30","ate_estimate","bart_ps-bart",11,"bart","linear_basic",11.1017463046178
"dgp30","ate_bias","bart_ps-bart",11,"bart","linear_basic",-1.10174630461781
"dgp30","ci_length","bart_ps-bart",11,"bart","linear_basic",3.01538578764835
"dgp30","coverage","bart_ps-bart",11,"bart","linear_basic",1
"dgp30","ate_estimate","bart_ps-bart",12,"bart","linear_basic",11.1790633067328
"dgp30","ate_bias","bart_ps-bart",12,"bart","linear_basic",-1.17906330673283
"dgp30","ci_length","bart_ps-bart",12,"bart","linear_basic",2.60980185543982
"dgp30","coverage","bart_ps-bart",12,"bart","linear_basic",1
"dgp30","ate_estimate","bart_ps-bart",13,"bart","linear_basic",10.9481576408552
"dgp30","ate_bias","bart_ps-bart",13,"bart","linear_basic",-0.948157640855214
"dgp30","ci_length","bart_ps-bart",13,"bart","linear_basic",3.02387557861629
"dgp30","coverage","bart_ps-bart",13,"bart","linear_basic",1
"dgp30","ate_estimate","bart_ps-bart",14,"bart","linear_basic",11.8346173064479
"dgp30","ate_bias","bart_ps-bart",14,"bart","linear_basic",-1.83461730644794
"dgp30","ci_length","bart_ps-bart",14,"bart","linear_basic",2.88106597895379
"dgp30","coverage","bart_ps-bart",14,"bart","linear_basic",0
"dgp30","ate_estimate","bart_ps-bart",15,"bart","linear_basic",11.7318835243336
"dgp30","ate_bias","bart_ps-bart",15,"bart","linear_basic",-1.73188352433356
"dgp30","ci_length","bart_ps-bart",15,"bart","linear_basic",2.73596884752349
"dgp30","coverage","bart_ps-bart",15,"bart","linear_basic",0
"dgp30","ate_estimate","bart_ps-bart",16,"bart","linear_basic",11.0895757830247
"dgp30","ate_bias","bart_ps-bart",16,"bart","linear_basic",-1.08957578302473
"dgp30","ci_length","bart_ps-bart",16,"bart","linear_basic",2.93773075911617
"dgp30","coverage","bart_ps-bart",16,"bart","linear_basic",1
"dgp30","ate_estimate","bart_ps-bart",17,"bart","linear_basic",12.1867537575345
"dgp30","ate_bias","bart_ps-bart",17,"bart","linear_basic",-2.18675375753452
"dgp30","ci_length","bart_ps-bart",17,"bart","linear_basic",2.8240593486493
"dgp30","coverage","bart_ps-bart",17,"bart","linear_basic",0
"dgp30","ate_estimate","bart_ps-bart",18,"bart","linear_basic",11.1070394117476
"dgp30","ate_bias","bart_ps-bart",18,"bart","linear_basic",-1.10703941174756
"dgp30","ci_length","bart_ps-bart",18,"bart","linear_basic",2.76668021553149
"dgp30","coverage","bart_ps-bart",18,"bart","linear_basic",1
"dgp30","ate_estimate","bart_ps-bart",19,"bart","linear_basic",11.8754969984437
"dgp30","ate_bias","bart_ps-bart",19,"bart","linear_basic",-1.8754969984437
"dgp30","ci_length","bart_ps-bart",19,"bart","linear_basic",2.82854875115809
"dgp30","coverage","bart_ps-bart",19,"bart","linear_basic",0
"dgp30","ate_estimate","bart_ps-bart",20,"bart","linear_basic",11.2780990362132
"dgp30","ate_bias","bart_ps-bart",20,"bart","linear_basic",-1.27809903621315
"dgp30","ci_length","bart_ps-bart",20,"bart","linear_basic",3.08589253958272
"dgp30","coverage","bart_ps-bart",20,"bart","linear_basic",1
"dgp31","ate_estimate","bart_ps-bart",1,"bart","linear_basic",1.51461544913268
"dgp31","ate_bias","bart_ps-bart",1,"bart","linear_basic",0.485384550867319
"dgp31","ci_length","bart_ps-bart",1,"bart","linear_basic",1.78821349496193
"dgp31","coverage","bart_ps-bart",1,"bart","linear_basic",1
"dgp31","ate_estimate","bart_ps-bart",2,"bart","linear_basic",2.64721185150793
"dgp31","ate_bias","bart_ps-bart",2,"bart","linear_basic",-0.647211851507926
"dgp31","ci_length","bart_ps-bart",2,"bart","linear_basic",1.80525156322309
"dgp31","coverage","bart_ps-bart",2,"bart","linear_basic",1
"dgp31","ate_estimate","bart_ps-bart",3,"bart","linear_basic",2.50521457497955
"dgp31","ate_bias","bart_ps-bart",3,"bart","linear_basic",-0.505214574979548
"dgp31","ci_length","bart_ps-bart",3,"bart","linear_basic",2.26721891018766
"dgp31","coverage","bart_ps-bart",3,"bart","linear_basic",1
"dgp31","ate_estimate","bart_ps-bart",4,"bart","linear_basic",2.41785289611768
"dgp31","ate_bias","bart_ps-bart",4,"bart","linear_basic",-0.417852896117681
"dgp31","ci_length","bart_ps-bart",4,"bart","linear_basic",1.98821976832399
"dgp31","coverage","bart_ps-bart",4,"bart","linear_basic",1
"dgp31","ate_estimate","bart_ps-bart",5,"bart","linear_basic",2.22822243784254
"dgp31","ate_bias","bart_ps-bart",5,"bart","linear_basic",-0.228222437842538
"dgp31","ci_length","bart_ps-bart",5,"bart","linear_basic",1.80770741939237
"dgp31","coverage","bart_ps-bart",5,"bart","linear_basic",1
"dgp31","ate_estimate","bart_ps-bart",6,"bart","linear_basic",1.26366948644846
"dgp31","ate_bias","bart_ps-bart",6,"bart","linear_basic",0.736330513551539
"dgp31","ci_length","bart_ps-bart",6,"bart","linear_basic",2.08851479880355
"dgp31","coverage","bart_ps-bart",6,"bart","linear_basic",1
"dgp31","ate_estimate","bart_ps-bart",7,"bart","linear_basic",2.61191549928074
"dgp31","ate_bias","bart_ps-bart",7,"bart","linear_basic",-0.611915499280743
"dgp31","ci_length","bart_ps-bart",7,"bart","linear_basic",2.0385140485284
"dgp31","coverage","bart_ps-bart",7,"bart","linear_basic",1
"dgp31","ate_estimate","bart_ps-bart",8,"bart","linear_basic",0.897651940749084
"dgp31","ate_bias","bart_ps-bart",8,"bart","linear_basic",1.10234805925092
"dgp31","ci_length","bart_ps-bart",8,"bart","linear_basic",1.95094183068388
"dgp31","coverage","bart_ps-bart",8,"bart","linear_basic",0
"dgp31","ate_estimate","bart_ps-bart",9,"bart","linear_basic",2.3337657760567
"dgp31","ate_bias","bart_ps-bart",9,"bart","linear_basic",-0.333765776056695
"dgp31","ci_length","bart_ps-bart",9,"bart","linear_basic",1.90582977876393
"dgp31","coverage","bart_ps-bart",9,"bart","linear_basic",1
"dgp31","ate_estimate","bart_ps-bart",10,"bart","linear_basic",1.48520676808692
"dgp31","ate_bias","bart_ps-bart",10,"bart","linear_basic",0.514793231913079
"dgp31","ci_length","bart_ps-bart",10,"bart","linear_basic",2.08419321696945
"dgp31","coverage","bart_ps-bart",10,"bart","linear_basic",1
"dgp31","ate_estimate","bart_ps-bart",11,"bart","linear_basic",1.14033003843787
"dgp31","ate_bias","bart_ps-bart",11,"bart","linear_basic",0.85966996156213
"dgp31","ci_length","bart_ps-bart",11,"bart","linear_basic",1.93186583024122
"dgp31","coverage","bart_ps-bart",11,"bart","linear_basic",1
"dgp31","ate_estimate","bart_ps-bart",12,"bart","linear_basic",1.97150366497838
"dgp31","ate_bias","bart_ps-bart",12,"bart","linear_basic",0.028496335021623
"dgp31","ci_length","bart_ps-bart",12,"bart","linear_basic",2.17228044684632
"dgp31","coverage","bart_ps-bart",12,"bart","linear_basic",1
"dgp31","ate_estimate","bart_ps-bart",13,"bart","linear_basic",2.32373253356825
"dgp31","ate_bias","bart_ps-bart",13,"bart","linear_basic",-0.323732533568252
"dgp31","ci_length","bart_ps-bart",13,"bart","linear_basic",1.90407705419255
"dgp31","coverage","bart_ps-bart",13,"bart","linear_basic",1
"dgp31","ate_estimate","bart_ps-bart",14,"bart","linear_basic",2.23456843751531
"dgp31","ate_bias","bart_ps-bart",14,"bart","linear_basic",-0.234568437515306
"dgp31","ci_length","bart_ps-bart",14,"bart","linear_basic",2.03661431985997
"dgp31","coverage","bart_ps-bart",14,"bart","linear_basic",1
"dgp31","ate_estimate","bart_ps-bart",15,"bart","linear_basic",1.46587910475506
"dgp31","ate_bias","bart_ps-bart",15,"bart","linear_basic",0.534120895244941
"dgp31","ci_length","bart_ps-bart",15,"bart","linear_basic",1.9749395236585
"dgp31","coverage","bart_ps-bart",15,"bart","linear_basic",1
"dgp31","ate_estimate","bart_ps-bart",16,"bart","linear_basic",2.16273943818579
"dgp31","ate_bias","bart_ps-bart",16,"bart","linear_basic",-0.162739438185791
"dgp31","ci_length","bart_ps-bart",16,"bart","linear_basic",1.90086851541911
"dgp31","coverage","bart_ps-bart",16,"bart","linear_basic",1
"dgp31","ate_estimate","bart_ps-bart",17,"bart","linear_basic",2.77852694066155
"dgp31","ate_bias","bart_ps-bart",17,"bart","linear_basic",-0.77852694066155
"dgp31","ci_length","bart_ps-bart",17,"bart","linear_basic",1.81833876975725
"dgp31","coverage","bart_ps-bart",17,"bart","linear_basic",1
"dgp31","ate_estimate","bart_ps-bart",18,"bart","linear_basic",1.78699358063667
"dgp31","ate_bias","bart_ps-bart",18,"bart","linear_basic",0.213006419363329
"dgp31","ci_length","bart_ps-bart",18,"bart","linear_basic",1.83439178375499
"dgp31","coverage","bart_ps-bart",18,"bart","linear_basic",1
"dgp31","ate_estimate","bart_ps-bart",19,"bart","linear_basic",1.04759859711895
"dgp31","ate_bias","bart_ps-bart",19,"bart","linear_basic",0.952401402881045
"dgp31","ci_length","bart_ps-bart",19,"bart","linear_basic",2.0084345526322
"dgp31","coverage","bart_ps-bart",19,"bart","linear_basic",1
"dgp31","ate_estimate","bart_ps-bart",20,"bart","linear_basic",2.75250971637489
"dgp31","ate_bias","bart_ps-bart",20,"bart","linear_basic",-0.752509716374887
"dgp31","ci_length","bart_ps-bart",20,"bart","linear_basic",2.017933155604
"dgp31","coverage","bart_ps-bart",20,"bart","linear_basic",1
"dgp32","ate_estimate","bart_ps-bart",1,"bart","linear_basic",2.86350439582443
"dgp32","ate_bias","bart_ps-bart",1,"bart","linear_basic",-0.336113988233024
"dgp32","ci_length","bart_ps-bart",1,"bart","linear_basic",1.42592911016712
"dgp32","coverage","bart_ps-bart",1,"bart","linear_basic",1
"dgp32","ate_estimate","bart_ps-bart",2,"bart","linear_basic",2.52191969766662
"dgp32","ate_bias","bart_ps-bart",2,"bart","linear_basic",0.00547070992479304
"dgp32","ci_length","bart_ps-bart",2,"bart","linear_basic",1.38156529241227
"dgp32","coverage","bart_ps-bart",2,"bart","linear_basic",1
"dgp32","ate_estimate","bart_ps-bart",3,"bart","linear_basic",2.37103219341489
"dgp32","ate_bias","bart_ps-bart",3,"bart","linear_basic",0.156358214176521
"dgp32","ci_length","bart_ps-bart",3,"bart","linear_basic",1.4144199011317
"dgp32","coverage","bart_ps-bart",3,"bart","linear_basic",1
"dgp32","ate_estimate","bart_ps-bart",4,"bart","linear_basic",2.37249436553343
"dgp32","ate_bias","bart_ps-bart",4,"bart","linear_basic",0.154896042057978
"dgp32","ci_length","bart_ps-bart",4,"bart","linear_basic",1.4128445289859
"dgp32","coverage","bart_ps-bart",4,"bart","linear_basic",1
"dgp32","ate_estimate","bart_ps-bart",5,"bart","linear_basic",2.20380846117571
"dgp32","ate_bias","bart_ps-bart",5,"bart","linear_basic",0.323581946415704
"dgp32","ci_length","bart_ps-bart",5,"bart","linear_basic",1.4279488989128
"dgp32","coverage","bart_ps-bart",5,"bart","linear_basic",1
"dgp32","ate_estimate","bart_ps-bart",6,"bart","linear_basic",2.69467774754039
"dgp32","ate_bias","bart_ps-bart",6,"bart","linear_basic",-0.167287339948979
"dgp32","ci_length","bart_ps-bart",6,"bart","linear_basic",1.39177852579389
"dgp32","coverage","bart_ps-bart",6,"bart","linear_basic",1
"dgp32","ate_estimate","bart_ps-bart",7,"bart","linear_basic",2.64593771311905
"dgp32","ate_bias","bart_ps-bart",7,"bart","linear_basic",-0.118547305527635
"dgp32","ci_length","bart_ps-bart",7,"bart","linear_basic",1.42069509334281
"dgp32","coverage","bart_ps-bart",7,"bart","linear_basic",1
"dgp32","ate_estimate","bart_ps-bart",8,"bart","linear_basic",2.2839190816651
"dgp32","ate_bias","bart_ps-bart",8,"bart","linear_basic",0.243471325926309
"dgp32","ci_length","bart_ps-bart",8,"bart","linear_basic",1.37731188332228
"dgp32","coverage","bart_ps-bart",8,"bart","linear_basic",1
"dgp32","ate_estimate","bart_ps-bart",9,"bart","linear_basic",2.17635105029347
"dgp32","ate_bias","bart_ps-bart",9,"bart","linear_basic",0.351039357297943
"dgp32","ci_length","bart_ps-bart",9,"bart","linear_basic",1.36507847951195
"dgp32","coverage","bart_ps-bart",9,"bart","linear_basic",1
"dgp32","ate_estimate","bart_ps-bart",10,"bart","linear_basic",2.16167651219742
"dgp32","ate_bias","bart_ps-bart",10,"bart","linear_basic",0.365713895393988
"dgp32","ci_length","bart_ps-bart",10,"bart","linear_basic",1.36052026661554
"dgp32","coverage","bart_ps-bart",10,"bart","linear_basic",1
"dgp32","ate_estimate","bart_ps-bart",11,"bart","linear_basic",2.6051918623898
"dgp32","ate_bias","bart_ps-bart",11,"bart","linear_basic",-0.0778014547983878
"dgp32","ci_length","bart_ps-bart",11,"bart","linear_basic",1.44893330476094
"dgp32","coverage","bart_ps-bart",11,"bart","linear_basic",1
"dgp32","ate_estimate","bart_ps-bart",12,"bart","linear_basic",2.27749744849623
"dgp32","ate_bias","bart_ps-bart",12,"bart","linear_basic",0.249892959095178
"dgp32","ci_length","bart_ps-bart",12,"bart","linear_basic",1.38113566452007
"dgp32","coverage","bart_ps-bart",12,"bart","linear_basic",1
"dgp32","ate_estimate","bart_ps-bart",13,"bart","linear_basic",2.45321153046502
"dgp32","ate_bias","bart_ps-bart",13,"bart","linear_basic",0.0741788771263883
"dgp32","ci_length","bart_ps-bart",13,"bart","linear_basic",1.3872894658258
"dgp32","coverage","bart_ps-bart",13,"bart","linear_basic",1
"dgp32","ate_estimate","bart_ps-bart",14,"bart","linear_basic",2.21734072849503
"dgp32","ate_bias","bart_ps-bart",14,"bart","linear_basic",0.310049679096378
"dgp32","ci_length","bart_ps-bart",14,"bart","linear_basic",1.40564369991774
"dgp32","coverage","bart_ps-bart",14,"bart","linear_basic",1
"dgp32","ate_estimate","bart_ps-bart",15,"bart","linear_basic",1.74613404844843
"dgp32","ate_bias","bart_ps-bart",15,"bart","linear_basic",0.781256359142981
"dgp32","ci_length","bart_ps-bart",15,"bart","linear_basic",1.39557376202991
"dgp32","coverage","bart_ps-bart",15,"bart","linear_basic",0
"dgp32","ate_estimate","bart_ps-bart",16,"bart","linear_basic",2.35440195189203
"dgp32","ate_bias","bart_ps-bart",16,"bart","linear_basic",0.172988455699384
"dgp32","ci_length","bart_ps-bart",16,"bart","linear_basic",1.38866472973096
"dgp32","coverage","bart_ps-bart",16,"bart","linear_basic",1
"dgp32","ate_estimate","bart_ps-bart",17,"bart","linear_basic",2.43118026231948
"dgp32","ate_bias","bart_ps-bart",17,"bart","linear_basic",0.0962101452719346
"dgp32","ci_length","bart_ps-bart",17,"bart","linear_basic",1.39191407147357
"dgp32","coverage","bart_ps-bart",17,"bart","linear_basic",1
"dgp32","ate_estimate","bart_ps-bart",18,"bart","linear_basic",2.80831006118407
"dgp32","ate_bias","bart_ps-bart",18,"bart","linear_basic",-0.280919653592661
"dgp32","ci_length","bart_ps-bart",18,"bart","linear_basic",1.40038507947221
"dgp32","coverage","bart_ps-bart",18,"bart","linear_basic",1
"dgp32","ate_estimate","bart_ps-bart",19,"bart","linear_basic",2.43009757206542
"dgp32","ate_bias","bart_ps-bart",19,"bart","linear_basic",0.0972928355259941
"dgp32","ci_length","bart_ps-bart",19,"bart","linear_basic",1.38682926280734
"dgp32","coverage","bart_ps-bart",19,"bart","linear_basic",1
"dgp32","ate_estimate","bart_ps-bart",20,"bart","linear_basic",2.01988908314086
"dgp32","ate_bias","bart_ps-bart",20,"bart","linear_basic",0.507501324450545
"dgp32","ci_length","bart_ps-bart",20,"bart","linear_basic",1.38420805812099
"dgp32","coverage","bart_ps-bart",20,"bart","linear_basic",1
"dgp37","ate_estimate","bart_ps-bart",1,"bart","linear_basic",3.68029649043905
"dgp37","ate_bias","bart_ps-bart",1,"bart","linear_basic",0.319703509560949
"dgp37","ci_length","bart_ps-bart",1,"bart","linear_basic",0.520788768451681
"dgp37","coverage","bart_ps-bart",1,"bart","linear_basic",0
"dgp37","ate_estimate","bart_ps-bart",2,"bart","linear_basic",4.15153280337835
"dgp37","ate_bias","bart_ps-bart",2,"bart","linear_basic",-0.151532803378347
"dgp37","ci_length","bart_ps-bart",2,"bart","linear_basic",0.696119359959287
"dgp37","coverage","bart_ps-bart",2,"bart","linear_basic",1
"dgp37","ate_estimate","bart_ps-bart",3,"bart","linear_basic",3.98659077402463
"dgp37","ate_bias","bart_ps-bart",3,"bart","linear_basic",0.0134092259753666
"dgp37","ci_length","bart_ps-bart",3,"bart","linear_basic",0.618561761090969
"dgp37","coverage","bart_ps-bart",3,"bart","linear_basic",1
"dgp37","ate_estimate","bart_ps-bart",4,"bart","linear_basic",4.15634936539644
"dgp37","ate_bias","bart_ps-bart",4,"bart","linear_basic",-0.156349365396435
"dgp37","ci_length","bart_ps-bart",4,"bart","linear_basic",0.614155924298458
"dgp37","coverage","bart_ps-bart",4,"bart","linear_basic",1
"dgp37","ate_estimate","bart_ps-bart",5,"bart","linear_basic",3.94318692032522
"dgp37","ate_bias","bart_ps-bart",5,"bart","linear_basic",0.0568130796747806
"dgp37","ci_length","bart_ps-bart",5,"bart","linear_basic",0.688969677070698
"dgp37","coverage","bart_ps-bart",5,"bart","linear_basic",1
"dgp37","ate_estimate","bart_ps-bart",6,"bart","linear_basic",4.03805165776041
"dgp37","ate_bias","bart_ps-bart",6,"bart","linear_basic",-0.0380516577604109
"dgp37","ci_length","bart_ps-bart",6,"bart","linear_basic",0.632176181943801
"dgp37","coverage","bart_ps-bart",6,"bart","linear_basic",1
"dgp37","ate_estimate","bart_ps-bart",7,"bart","linear_basic",4.0066658210924
"dgp37","ate_bias","bart_ps-bart",7,"bart","linear_basic",-0.00666582109240377
"dgp37","ci_length","bart_ps-bart",7,"bart","linear_basic",0.534998880924663
"dgp37","coverage","bart_ps-bart",7,"bart","linear_basic",1
"dgp37","ate_estimate","bart_ps-bart",8,"bart","linear_basic",4.27358053598846
"dgp37","ate_bias","bart_ps-bart",8,"bart","linear_basic",-0.273580535988457
"dgp37","ci_length","bart_ps-bart",8,"bart","linear_basic",0.602493123840119
"dgp37","coverage","bart_ps-bart",8,"bart","linear_basic",1
"dgp37","ate_estimate","bart_ps-bart",9,"bart","linear_basic",4.17352657031581
"dgp37","ate_bias","bart_ps-bart",9,"bart","linear_basic",-0.173526570315805
"dgp37","ci_length","bart_ps-bart",9,"bart","linear_basic",0.647655638925059
"dgp37","coverage","bart_ps-bart",9,"bart","linear_basic",1
"dgp37","ate_estimate","bart_ps-bart",10,"bart","linear_basic",3.94692330392321
"dgp37","ate_bias","bart_ps-bart",10,"bart","linear_basic",0.0530766960767854
"dgp37","ci_length","bart_ps-bart",10,"bart","linear_basic",0.683481846716707
"dgp37","coverage","bart_ps-bart",10,"bart","linear_basic",1
"dgp37","ate_estimate","bart_ps-bart",11,"bart","linear_basic",4.10215487727193
"dgp37","ate_bias","bart_ps-bart",11,"bart","linear_basic",-0.102154877271934
"dgp37","ci_length","bart_ps-bart",11,"bart","linear_basic",0.760725995607213
"dgp37","coverage","bart_ps-bart",11,"bart","linear_basic",1
"dgp37","ate_estimate","bart_ps-bart",12,"bart","linear_basic",4.2922406890394
"dgp37","ate_bias","bart_ps-bart",12,"bart","linear_basic",-0.292240689039401
"dgp37","ci_length","bart_ps-bart",12,"bart","linear_basic",0.912285324938805
"dgp37","coverage","bart_ps-bart",12,"bart","linear_basic",1
"dgp37","ate_estimate","bart_ps-bart",13,"bart","linear_basic",4.16762397620222
"dgp37","ate_bias","bart_ps-bart",13,"bart","linear_basic",-0.167623976202218
"dgp37","ci_length","bart_ps-bart",13,"bart","linear_basic",0.61889963661436
"dgp37","coverage","bart_ps-bart",13,"bart","linear_basic",1
"dgp37","ate_estimate","bart_ps-bart",14,"bart","linear_basic",4.11972117922519
"dgp37","ate_bias","bart_ps-bart",14,"bart","linear_basic",-0.119721179225185
"dgp37","ci_length","bart_ps-bart",14,"bart","linear_basic",0.666196168011589
"dgp37","coverage","bart_ps-bart",14,"bart","linear_basic",1
"dgp37","ate_estimate","bart_ps-bart",15,"bart","linear_basic",3.90564716049083
"dgp37","ate_bias","bart_ps-bart",15,"bart","linear_basic",0.0943528395091651
"dgp37","ci_length","bart_ps-bart",15,"bart","linear_basic",0.549188395704176
"dgp37","coverage","bart_ps-bart",15,"bart","linear_basic",1
"dgp37","ate_estimate","bart_ps-bart",16,"bart","linear_basic",3.9954111353964
"dgp37","ate_bias","bart_ps-bart",16,"bart","linear_basic",0.00458886460359587
"dgp37","ci_length","bart_ps-bart",16,"bart","linear_basic",0.577855997586078
"dgp37","coverage","bart_ps-bart",16,"bart","linear_basic",1
"dgp37","ate_estimate","bart_ps-bart",17,"bart","linear_basic",4.06315432211175
"dgp37","ate_bias","bart_ps-bart",17,"bart","linear_basic",-0.0631543221117523
"dgp37","ci_length","bart_ps-bart",17,"bart","linear_basic",0.640694643742556
"dgp37","coverage","bart_ps-bart",17,"bart","linear_basic",1
"dgp37","ate_estimate","bart_ps-bart",18,"bart","linear_basic",3.75553323325
"dgp37","ate_bias","bart_ps-bart",18,"bart","linear_basic",0.244466766750004
"dgp37","ci_length","bart_ps-bart",18,"bart","linear_basic",0.646510199774346
"dgp37","coverage","bart_ps-bart",18,"bart","linear_basic",1
"dgp37","ate_estimate","bart_ps-bart",19,"bart","linear_basic",4.19309436762332
"dgp37","ate_bias","bart_ps-bart",19,"bart","linear_basic",-0.193094367623321
"dgp37","ci_length","bart_ps-bart",19,"bart","linear_basic",0.650377210674323
"dgp37","coverage","bart_ps-bart",19,"bart","linear_basic",1
"dgp37","ate_estimate","bart_ps-bart",20,"bart","linear_basic",3.76608041428035
"dgp37","ate_bias","bart_ps-bart",20,"bart","linear_basic",0.233919585719651
"dgp37","ci_length","bart_ps-bart",20,"bart","linear_basic",0.704285078650734
"dgp37","coverage","bart_ps-bart",20,"bart","linear_basic",1
"dgp38","ate_estimate","bart_ps-bart",1,"bart","linear_basic",2.37233196759585
"dgp38","ate_bias","bart_ps-bart",1,"bart","linear_basic",0.127668032404148
"dgp38","ci_length","bart_ps-bart",1,"bart","linear_basic",0.626057752895539
"dgp38","coverage","bart_ps-bart",1,"bart","linear_basic",1
"dgp38","ate_estimate","bart_ps-bart",2,"bart","linear_basic",2.31373923335188
"dgp38","ate_bias","bart_ps-bart",2,"bart","linear_basic",0.186260766648122
"dgp38","ci_length","bart_ps-bart",2,"bart","linear_basic",0.616990746148279
"dgp38","coverage","bart_ps-bart",2,"bart","linear_basic",1
"dgp38","ate_estimate","bart_ps-bart",3,"bart","linear_basic",2.36529203937673
"dgp38","ate_bias","bart_ps-bart",3,"bart","linear_basic",0.134707960623274
"dgp38","ci_length","bart_ps-bart",3,"bart","linear_basic",0.502044194931469
"dgp38","coverage","bart_ps-bart",3,"bart","linear_basic",1
"dgp38","ate_estimate","bart_ps-bart",4,"bart","linear_basic",2.45388392156716
"dgp38","ate_bias","bart_ps-bart",4,"bart","linear_basic",0.0461160784328376
"dgp38","ci_length","bart_ps-bart",4,"bart","linear_basic",0.548077587427613
"dgp38","coverage","bart_ps-bart",4,"bart","linear_basic",1
"dgp38","ate_estimate","bart_ps-bart",5,"bart","linear_basic",2.49532070282911
"dgp38","ate_bias","bart_ps-bart",5,"bart","linear_basic",0.00467929717088911
"dgp38","ci_length","bart_ps-bart",5,"bart","linear_basic",0.54324547145387
"dgp38","coverage","bart_ps-bart",5,"bart","linear_basic",1
"dgp38","ate_estimate","bart_ps-bart",6,"bart","linear_basic",2.5642489656601
"dgp38","ate_bias","bart_ps-bart",6,"bart","linear_basic",-0.0642489656601026
"dgp38","ci_length","bart_ps-bart",6,"bart","linear_basic",0.869607908269765
"dgp38","coverage","bart_ps-bart",6,"bart","linear_basic",1
"dgp38","ate_estimate","bart_ps-bart",7,"bart","linear_basic",2.51060633185455
"dgp38","ate_bias","bart_ps-bart",7,"bart","linear_basic",-0.0106063318545497
"dgp38","ci_length","bart_ps-bart",7,"bart","linear_basic",0.685822106755864
"dgp38","coverage","bart_ps-bart",7,"bart","linear_basic",1
"dgp38","ate_estimate","bart_ps-bart",8,"bart","linear_basic",2.40543129146564
"dgp38","ate_bias","bart_ps-bart",8,"bart","linear_basic",0.0945687085343616
"dgp38","ci_length","bart_ps-bart",8,"bart","linear_basic",0.576260879589901
"dgp38","coverage","bart_ps-bart",8,"bart","linear_basic",1
"dgp38","ate_estimate","bart_ps-bart",9,"bart","linear_basic",2.61989204887256
"dgp38","ate_bias","bart_ps-bart",9,"bart","linear_basic",-0.119892048872565
"dgp38","ci_length","bart_ps-bart",9,"bart","linear_basic",0.630570578491501
"dgp38","coverage","bart_ps-bart",9,"bart","linear_basic",1
"dgp38","ate_estimate","bart_ps-bart",10,"bart","linear_basic",2.6865787991076
"dgp38","ate_bias","bart_ps-bart",10,"bart","linear_basic",-0.186578799107604
"dgp38","ci_length","bart_ps-bart",10,"bart","linear_basic",0.79043088378813
"dgp38","coverage","bart_ps-bart",10,"bart","linear_basic",1
"dgp38","ate_estimate","bart_ps-bart",11,"bart","linear_basic",2.52770042231947
"dgp38","ate_bias","bart_ps-bart",11,"bart","linear_basic",-0.0277004223194699
"dgp38","ci_length","bart_ps-bart",11,"bart","linear_basic",0.568654277027136
"dgp38","coverage","bart_ps-bart",11,"bart","linear_basic",1
"dgp38","ate_estimate","bart_ps-bart",12,"bart","linear_basic",2.7506441186294
"dgp38","ate_bias","bart_ps-bart",12,"bart","linear_basic",-0.250644118629399
"dgp38","ci_length","bart_ps-bart",12,"bart","linear_basic",0.771046685348664
"dgp38","coverage","bart_ps-bart",12,"bart","linear_basic",1
"dgp38","ate_estimate","bart_ps-bart",13,"bart","linear_basic",2.63136923726392
"dgp38","ate_bias","bart_ps-bart",13,"bart","linear_basic",-0.13136923726392
"dgp38","ci_length","bart_ps-bart",13,"bart","linear_basic",0.538392950446178
"dgp38","coverage","bart_ps-bart",13,"bart","linear_basic",1
"dgp38","ate_estimate","bart_ps-bart",14,"bart","linear_basic",2.40825482696715
"dgp38","ate_bias","bart_ps-bart",14,"bart","linear_basic",0.0917451730328547
"dgp38","ci_length","bart_ps-bart",14,"bart","linear_basic",0.544180201746273
"dgp38","coverage","bart_ps-bart",14,"bart","linear_basic",1
"dgp38","ate_estimate","bart_ps-bart",15,"bart","linear_basic",2.47683809715837
"dgp38","ate_bias","bart_ps-bart",15,"bart","linear_basic",0.0231619028416308
"dgp38","ci_length","bart_ps-bart",15,"bart","linear_basic",0.508843855115122
"dgp38","coverage","bart_ps-bart",15,"bart","linear_basic",1
"dgp38","ate_estimate","bart_ps-bart",16,"bart","linear_basic",2.14418767282174
"dgp38","ate_bias","bart_ps-bart",16,"bart","linear_basic",0.355812327178262
"dgp38","ci_length","bart_ps-bart",16,"bart","linear_basic",1.03752575121752
"dgp38","coverage","bart_ps-bart",16,"bart","linear_basic",1
"dgp38","ate_estimate","bart_ps-bart",17,"bart","linear_basic",2.45237750451188
"dgp38","ate_bias","bart_ps-bart",17,"bart","linear_basic",0.0476224954881235
"dgp38","ci_length","bart_ps-bart",17,"bart","linear_basic",0.506995295840778
"dgp38","coverage","bart_ps-bart",17,"bart","linear_basic",1
"dgp38","ate_estimate","bart_ps-bart",18,"bart","linear_basic",2.63973372224793
"dgp38","ate_bias","bart_ps-bart",18,"bart","linear_basic",-0.139733722247928
"dgp38","ci_length","bart_ps-bart",18,"bart","linear_basic",0.685700561158415
"dgp38","coverage","bart_ps-bart",18,"bart","linear_basic",1
"dgp38","ate_estimate","bart_ps-bart",19,"bart","linear_basic",2.69178075646494
"dgp38","ate_bias","bart_ps-bart",19,"bart","linear_basic",-0.191780756464942
"dgp38","ci_length","bart_ps-bart",19,"bart","linear_basic",0.76341986116492
"dgp38","coverage","bart_ps-bart",19,"bart","linear_basic",1
"dgp38","ate_estimate","bart_ps-bart",20,"bart","linear_basic",2.70919072462075
"dgp38","ate_bias","bart_ps-bart",20,"bart","linear_basic",-0.209190724620746
"dgp38","ci_length","bart_ps-bart",20,"bart","linear_basic",0.647781367515182
"dgp38","coverage","bart_ps-bart",20,"bart","linear_basic",1
"dgp39","ate_estimate","bart_ps-bart",1,"bart","linear_basic",6.69783505831353
"dgp39","ate_bias","bart_ps-bart",1,"bart","linear_basic",-0.427539035709747
"dgp39","ci_length","bart_ps-bart",1,"bart","linear_basic",1.38905360979174
"dgp39","coverage","bart_ps-bart",1,"bart","linear_basic",1
"dgp39","ate_estimate","bart_ps-bart",2,"bart","linear_basic",5.65440155903781
"dgp39","ate_bias","bart_ps-bart",2,"bart","linear_basic",0.615894463565974
"dgp39","ci_length","bart_ps-bart",2,"bart","linear_basic",1.11044741494331
"dgp39","coverage","bart_ps-bart",2,"bart","linear_basic",0
"dgp39","ate_estimate","bart_ps-bart",3,"bart","linear_basic",6.6113905168016
"dgp39","ate_bias","bart_ps-bart",3,"bart","linear_basic",-0.341094494197815
"dgp39","ci_length","bart_ps-bart",3,"bart","linear_basic",1.31205013112774
"dgp39","coverage","bart_ps-bart",3,"bart","linear_basic",1
"dgp39","ate_estimate","bart_ps-bart",4,"bart","linear_basic",5.7791390364999
"dgp39","ate_bias","bart_ps-bart",4,"bart","linear_basic",0.49115698610388
"dgp39","ci_length","bart_ps-bart",4,"bart","linear_basic",1.45497611706018
"dgp39","coverage","bart_ps-bart",4,"bart","linear_basic",1
"dgp39","ate_estimate","bart_ps-bart",5,"bart","linear_basic",6.33060638776263
"dgp39","ate_bias","bart_ps-bart",5,"bart","linear_basic",-0.0603103651588501
"dgp39","ci_length","bart_ps-bart",5,"bart","linear_basic",1.49446124064726
"dgp39","coverage","bart_ps-bart",5,"bart","linear_basic",1
"dgp39","ate_estimate","bart_ps-bart",6,"bart","linear_basic",5.72408009579195
"dgp39","ate_bias","bart_ps-bart",6,"bart","linear_basic",0.546215926811829
"dgp39","ci_length","bart_ps-bart",6,"bart","linear_basic",1.1483626546756
"dgp39","coverage","bart_ps-bart",6,"bart","linear_basic",1
"dgp39","ate_estimate","bart_ps-bart",7,"bart","linear_basic",6.37426217645223
"dgp39","ate_bias","bart_ps-bart",7,"bart","linear_basic",-0.103966153848452
"dgp39","ci_length","bart_ps-bart",7,"bart","linear_basic",1.36300040141953
"dgp39","coverage","bart_ps-bart",7,"bart","linear_basic",1
"dgp39","ate_estimate","bart_ps-bart",8,"bart","linear_basic",6.22633624418291
"dgp39","ate_bias","bart_ps-bart",8,"bart","linear_basic",0.0439597784208683
"dgp39","ci_length","bart_ps-bart",8,"bart","linear_basic",1.33761216520564
"dgp39","coverage","bart_ps-bart",8,"bart","linear_basic",1
"dgp39","ate_estimate","bart_ps-bart",9,"bart","linear_basic",6.28574346005555
"dgp39","ate_bias","bart_ps-bart",9,"bart","linear_basic",-0.0154474374517708
"dgp39","ci_length","bart_ps-bart",9,"bart","linear_basic",1.25693364264313
"dgp39","coverage","bart_ps-bart",9,"bart","linear_basic",1
"dgp39","ate_estimate","bart_ps-bart",10,"bart","linear_basic",5.78230591093016
"dgp39","ate_bias","bart_ps-bart",10,"bart","linear_basic",0.48799011167362
"dgp39","ci_length","bart_ps-bart",10,"bart","linear_basic",1.41154055943127
"dgp39","coverage","bart_ps-bart",10,"bart","linear_basic",1
"dgp39","ate_estimate","bart_ps-bart",11,"bart","linear_basic",5.87958487045899
"dgp39","ate_bias","bart_ps-bart",11,"bart","linear_basic",0.390711152144789
"dgp39","ci_length","bart_ps-bart",11,"bart","linear_basic",1.17969696673152
"dgp39","coverage","bart_ps-bart",11,"bart","linear_basic",1
"dgp39","ate_estimate","bart_ps-bart",12,"bart","linear_basic",5.94520941038827
"dgp39","ate_bias","bart_ps-bart",12,"bart","linear_basic",0.325086612215512
"dgp39","ci_length","bart_ps-bart",12,"bart","linear_basic",1.34720441860971
"dgp39","coverage","bart_ps-bart",12,"bart","linear_basic",1
"dgp39","ate_estimate","bart_ps-bart",13,"bart","linear_basic",6.02669261514524
"dgp39","ate_bias","bart_ps-bart",13,"bart","linear_basic",0.243603407458537
"dgp39","ci_length","bart_ps-bart",13,"bart","linear_basic",1.48993930667569
"dgp39","coverage","bart_ps-bart",13,"bart","linear_basic",1
"dgp39","ate_estimate","bart_ps-bart",14,"bart","linear_basic",5.94418986666317
"dgp39","ate_bias","bart_ps-bart",14,"bart","linear_basic",0.326106155940606
"dgp39","ci_length","bart_ps-bart",14,"bart","linear_basic",1.26797074368307
"dgp39","coverage","bart_ps-bart",14,"bart","linear_basic",1
"dgp39","ate_estimate","bart_ps-bart",15,"bart","linear_basic",6.03908256164334
"dgp39","ate_bias","bart_ps-bart",15,"bart","linear_basic",0.231213460960435
"dgp39","ci_length","bart_ps-bart",15,"bart","linear_basic",1.11431969096511
"dgp39","coverage","bart_ps-bart",15,"bart","linear_basic",1
"dgp39","ate_estimate","bart_ps-bart",16,"bart","linear_basic",5.91684688055709
"dgp39","ate_bias","bart_ps-bart",16,"bart","linear_basic",0.353449142046694
"dgp39","ci_length","bart_ps-bart",16,"bart","linear_basic",1.29700757106637
"dgp39","coverage","bart_ps-bart",16,"bart","linear_basic",1
"dgp39","ate_estimate","bart_ps-bart",17,"bart","linear_basic",5.87492658424028
"dgp39","ate_bias","bart_ps-bart",17,"bart","linear_basic",0.395369438363496
"dgp39","ci_length","bart_ps-bart",17,"bart","linear_basic",1.23496177214344
"dgp39","coverage","bart_ps-bart",17,"bart","linear_basic",1
"dgp39","ate_estimate","bart_ps-bart",18,"bart","linear_basic",6.44586036031238
"dgp39","ate_bias","bart_ps-bart",18,"bart","linear_basic",-0.175564337708599
"dgp39","ci_length","bart_ps-bart",18,"bart","linear_basic",1.45650641898889
"dgp39","coverage","bart_ps-bart",18,"bart","linear_basic",1
"dgp39","ate_estimate","bart_ps-bart",19,"bart","linear_basic",6.12047461865768
"dgp39","ate_bias","bart_ps-bart",19,"bart","linear_basic",0.149821403946099
"dgp39","ci_length","bart_ps-bart",19,"bart","linear_basic",1.33576811726581
"dgp39","coverage","bart_ps-bart",19,"bart","linear_basic",1
"dgp39","ate_estimate","bart_ps-bart",20,"bart","linear_basic",5.46363938476702
"dgp39","ate_bias","bart_ps-bart",20,"bart","linear_basic",0.806656637836758
"dgp39","ci_length","bart_ps-bart",20,"bart","linear_basic",1.07826850111104
"dgp39","coverage","bart_ps-bart",20,"bart","linear_basic",0
"dgp40","ate_estimate","bart_ps-bart",1,"bart","linear_basic",7.24635921495597
"dgp40","ate_bias","bart_ps-bart",1,"bart","linear_basic",-0.284374307550425
"dgp40","ci_length","bart_ps-bart",1,"bart","linear_basic",0.761891965767727
"dgp40","coverage","bart_ps-bart",1,"bart","linear_basic",1
"dgp40","ate_estimate","bart_ps-bart",2,"bart","linear_basic",7.06852089819934
"dgp40","ate_bias","bart_ps-bart",2,"bart","linear_basic",-0.106535990793787
"dgp40","ci_length","bart_ps-bart",2,"bart","linear_basic",0.817950524121969
"dgp40","coverage","bart_ps-bart",2,"bart","linear_basic",1
"dgp40","ate_estimate","bart_ps-bart",3,"bart","linear_basic",7.28555995523844
"dgp40","ate_bias","bart_ps-bart",3,"bart","linear_basic",-0.323575047832894
"dgp40","ci_length","bart_ps-bart",3,"bart","linear_basic",0.758699079102588
"dgp40","coverage","bart_ps-bart",3,"bart","linear_basic",1
"dgp40","ate_estimate","bart_ps-bart",4,"bart","linear_basic",7.55790288589387
"dgp40","ate_bias","bart_ps-bart",4,"bart","linear_basic",-0.595917978488324
"dgp40","ci_length","bart_ps-bart",4,"bart","linear_basic",1.14232056034407
"dgp40","coverage","bart_ps-bart",4,"bart","linear_basic",0
"dgp40","ate_estimate","bart_ps-bart",5,"bart","linear_basic",7.35574224487648
"dgp40","ate_bias","bart_ps-bart",5,"bart","linear_basic",-0.393757337470927
"dgp40","ci_length","bart_ps-bart",5,"bart","linear_basic",1.04426018073859
"dgp40","coverage","bart_ps-bart",5,"bart","linear_basic",1
"dgp40","ate_estimate","bart_ps-bart",6,"bart","linear_basic",7.11419266052574
"dgp40","ate_bias","bart_ps-bart",6,"bart","linear_basic",-0.152207753120193
"dgp40","ci_length","bart_ps-bart",6,"bart","linear_basic",0.919118719277339
"dgp40","coverage","bart_ps-bart",6,"bart","linear_basic",1
"dgp40","ate_estimate","bart_ps-bart",7,"bart","linear_basic",7.39511350803774
"dgp40","ate_bias","bart_ps-bart",7,"bart","linear_basic",-0.433128600632186
"dgp40","ci_length","bart_ps-bart",7,"bart","linear_basic",0.746255352272645
"dgp40","coverage","bart_ps-bart",7,"bart","linear_basic",0
"dgp40","ate_estimate","bart_ps-bart",8,"bart","linear_basic",7.1346792244713
"dgp40","ate_bias","bart_ps-bart",8,"bart","linear_basic",-0.172694317065755
"dgp40","ci_length","bart_ps-bart",8,"bart","linear_basic",0.71730018806508
"dgp40","coverage","bart_ps-bart",8,"bart","linear_basic",1
"dgp40","ate_estimate","bart_ps-bart",9,"bart","linear_basic",6.83980137890063
"dgp40","ate_bias","bart_ps-bart",9,"bart","linear_basic",0.122183528504917
"dgp40","ci_length","bart_ps-bart",9,"bart","linear_basic",0.626129689386332
"dgp40","coverage","bart_ps-bart",9,"bart","linear_basic",1
"dgp40","ate_estimate","bart_ps-bart",10,"bart","linear_basic",7.20455637887291
"dgp40","ate_bias","bart_ps-bart",10,"bart","linear_basic",-0.242571471467358
"dgp40","ci_length","bart_ps-bart",10,"bart","linear_basic",0.755443520541302
"dgp40","coverage","bart_ps-bart",10,"bart","linear_basic",1
"dgp40","ate_estimate","bart_ps-bart",11,"bart","linear_basic",7.14855611947517
"dgp40","ate_bias","bart_ps-bart",11,"bart","linear_basic",-0.186571212069619
"dgp40","ci_length","bart_ps-bart",11,"bart","linear_basic",0.778582215461467
"dgp40","coverage","bart_ps-bart",11,"bart","linear_basic",1
"dgp40","ate_estimate","bart_ps-bart",12,"bart","linear_basic",7.23474293136648
"dgp40","ate_bias","bart_ps-bart",12,"bart","linear_basic",-0.272758023960926
"dgp40","ci_length","bart_ps-bart",12,"bart","linear_basic",0.92100822447863
"dgp40","coverage","bart_ps-bart",12,"bart","linear_basic",1
"dgp40","ate_estimate","bart_ps-bart",13,"bart","linear_basic",7.34566551556033
"dgp40","ate_bias","bart_ps-bart",13,"bart","linear_basic",-0.383680608154777
"dgp40","ci_length","bart_ps-bart",13,"bart","linear_basic",0.82924565183121
"dgp40","coverage","bart_ps-bart",13,"bart","linear_basic",1
"dgp40","ate_estimate","bart_ps-bart",14,"bart","linear_basic",7.07225388711993
"dgp40","ate_bias","bart_ps-bart",14,"bart","linear_basic",-0.110268979714376
"dgp40","ci_length","bart_ps-bart",14,"bart","linear_basic",0.866207938662841
"dgp40","coverage","bart_ps-bart",14,"bart","linear_basic",1
"dgp40","ate_estimate","bart_ps-bart",15,"bart","linear_basic",6.91610698247694
"dgp40","ate_bias","bart_ps-bart",15,"bart","linear_basic",0.0458779249286101
"dgp40","ci_length","bart_ps-bart",15,"bart","linear_basic",0.9036907632852
"dgp40","coverage","bart_ps-bart",15,"bart","linear_basic",1
"dgp40","ate_estimate","bart_ps-bart",16,"bart","linear_basic",6.99091715842518
"dgp40","ate_bias","bart_ps-bart",16,"bart","linear_basic",-0.0289322510196293
"dgp40","ci_length","bart_ps-bart",16,"bart","linear_basic",0.85129397646795
"dgp40","coverage","bart_ps-bart",16,"bart","linear_basic",1
"dgp40","ate_estimate","bart_ps-bart",17,"bart","linear_basic",6.92788595851801
"dgp40","ate_bias","bart_ps-bart",17,"bart","linear_basic",0.0340989488875394
"dgp40","ci_length","bart_ps-bart",17,"bart","linear_basic",0.791175466956524
"dgp40","coverage","bart_ps-bart",17,"bart","linear_basic",1
"dgp40","ate_estimate","bart_ps-bart",18,"bart","linear_basic",7.0155963526164
"dgp40","ate_bias","bart_ps-bart",18,"bart","linear_basic",-0.0536114452108505
"dgp40","ci_length","bart_ps-bart",18,"bart","linear_basic",0.876418571202059
"dgp40","coverage","bart_ps-bart",18,"bart","linear_basic",1
"dgp40","ate_estimate","bart_ps-bart",19,"bart","linear_basic",6.97943420194289
"dgp40","ate_bias","bart_ps-bart",19,"bart","linear_basic",-0.0174492945373386
"dgp40","ci_length","bart_ps-bart",19,"bart","linear_basic",0.706355137825264
"dgp40","coverage","bart_ps-bart",19,"bart","linear_basic",1
"dgp40","ate_estimate","bart_ps-bart",20,"bart","linear_basic",7.19225090283584
"dgp40","ate_bias","bart_ps-bart",20,"bart","linear_basic",-0.230265995430294
"dgp40","ci_length","bart_ps-bart",20,"bart","linear_basic",0.743183587008621
"dgp40","coverage","bart_ps-bart",20,"bart","linear_basic",1
"dgp57","ate_estimate","bart_ps-bart",1,"bart","linear_basic",0.538403353517835
"dgp57","ate_bias","bart_ps-bart",1,"bart","linear_basic",-0.0384033535178353
"dgp57","ci_length","bart_ps-bart",1,"bart","linear_basic",0.34071553069886
"dgp57","coverage","bart_ps-bart",1,"bart","linear_basic",1
"dgp57","ate_estimate","bart_ps-bart",2,"bart","linear_basic",0.453571140244247
"dgp57","ate_bias","bart_ps-bart",2,"bart","linear_basic",0.0464288597557532
"dgp57","ci_length","bart_ps-bart",2,"bart","linear_basic",0.360856215415261
"dgp57","coverage","bart_ps-bart",2,"bart","linear_basic",1
"dgp57","ate_estimate","bart_ps-bart",3,"bart","linear_basic",0.384541097462059
"dgp57","ate_bias","bart_ps-bart",3,"bart","linear_basic",0.115458902537941
"dgp57","ci_length","bart_ps-bart",3,"bart","linear_basic",0.359992728056191
"dgp57","coverage","bart_ps-bart",3,"bart","linear_basic",1
"dgp57","ate_estimate","bart_ps-bart",4,"bart","linear_basic",0.410574202442487
"dgp57","ate_bias","bart_ps-bart",4,"bart","linear_basic",0.089425797557513
"dgp57","ci_length","bart_ps-bart",4,"bart","linear_basic",0.352941270594144
"dgp57","coverage","bart_ps-bart",4,"bart","linear_basic",1
"dgp57","ate_estimate","bart_ps-bart",5,"bart","linear_basic",0.425821166802988
"dgp57","ate_bias","bart_ps-bart",5,"bart","linear_basic",0.0741788331970116
"dgp57","ci_length","bart_ps-bart",5,"bart","linear_basic",0.359811946443198
"dgp57","coverage","bart_ps-bart",5,"bart","linear_basic",1
"dgp57","ate_estimate","bart_ps-bart",6,"bart","linear_basic",0.475092846542381
"dgp57","ate_bias","bart_ps-bart",6,"bart","linear_basic",0.0249071534576188
"dgp57","ci_length","bart_ps-bart",6,"bart","linear_basic",0.366348479420847
"dgp57","coverage","bart_ps-bart",6,"bart","linear_basic",1
"dgp57","ate_estimate","bart_ps-bart",7,"bart","linear_basic",0.437963756761997
"dgp57","ate_bias","bart_ps-bart",7,"bart","linear_basic",0.0620362432380027
"dgp57","ci_length","bart_ps-bart",7,"bart","linear_basic",0.365321065118007
"dgp57","coverage","bart_ps-bart",7,"bart","linear_basic",1
"dgp57","ate_estimate","bart_ps-bart",8,"bart","linear_basic",0.580748419380647
"dgp57","ate_bias","bart_ps-bart",8,"bart","linear_basic",-0.0807484193806474
"dgp57","ci_length","bart_ps-bart",8,"bart","linear_basic",0.349428173834378
"dgp57","coverage","bart_ps-bart",8,"bart","linear_basic",1
"dgp57","ate_estimate","bart_ps-bart",9,"bart","linear_basic",0.582100201183043
"dgp57","ate_bias","bart_ps-bart",9,"bart","linear_basic",-0.0821002011830432
"dgp57","ci_length","bart_ps-bart",9,"bart","linear_basic",0.347791934286601
"dgp57","coverage","bart_ps-bart",9,"bart","linear_basic",1
"dgp57","ate_estimate","bart_ps-bart",10,"bart","linear_basic",0.519181035167468
"dgp57","ate_bias","bart_ps-bart",10,"bart","linear_basic",-0.0191810351674679
"dgp57","ci_length","bart_ps-bart",10,"bart","linear_basic",0.352127030994264
"dgp57","coverage","bart_ps-bart",10,"bart","linear_basic",1
"dgp57","ate_estimate","bart_ps-bart",11,"bart","linear_basic",0.556976370486264
"dgp57","ate_bias","bart_ps-bart",11,"bart","linear_basic",-0.0569763704862637
"dgp57","ci_length","bart_ps-bart",11,"bart","linear_basic",0.363352943356613
"dgp57","coverage","bart_ps-bart",11,"bart","linear_basic",1
"dgp57","ate_estimate","bart_ps-bart",12,"bart","linear_basic",0.568891657142081
"dgp57","ate_bias","bart_ps-bart",12,"bart","linear_basic",-0.0688916571420815
"dgp57","ci_length","bart_ps-bart",12,"bart","linear_basic",0.330784018339448
"dgp57","coverage","bart_ps-bart",12,"bart","linear_basic",1
"dgp57","ate_estimate","bart_ps-bart",13,"bart","linear_basic",0.523161710947189
"dgp57","ate_bias","bart_ps-bart",13,"bart","linear_basic",-0.0231617109471894
"dgp57","ci_length","bart_ps-bart",13,"bart","linear_basic",0.346161618822563
"dgp57","coverage","bart_ps-bart",13,"bart","linear_basic",1
"dgp57","ate_estimate","bart_ps-bart",14,"bart","linear_basic",0.40081914699736
"dgp57","ate_bias","bart_ps-bart",14,"bart","linear_basic",0.0991808530026398
"dgp57","ci_length","bart_ps-bart",14,"bart","linear_basic",0.326663959088986
"dgp57","coverage","bart_ps-bart",14,"bart","linear_basic",1
"dgp57","ate_estimate","bart_ps-bart",15,"bart","linear_basic",0.314839555056293
"dgp57","ate_bias","bart_ps-bart",15,"bart","linear_basic",0.185160444943707
"dgp57","ci_length","bart_ps-bart",15,"bart","linear_basic",0.364882745587933
"dgp57","coverage","bart_ps-bart",15,"bart","linear_basic",0
"dgp57","ate_estimate","bart_ps-bart",16,"bart","linear_basic",0.412927910436576
"dgp57","ate_bias","bart_ps-bart",16,"bart","linear_basic",0.0870720895634244
"dgp57","ci_length","bart_ps-bart",16,"bart","linear_basic",0.330236388535338
"dgp57","coverage","bart_ps-bart",16,"bart","linear_basic",1
"dgp57","ate_estimate","bart_ps-bart",17,"bart","linear_basic",0.437347483094497
"dgp57","ate_bias","bart_ps-bart",17,"bart","linear_basic",0.0626525169055029
"dgp57","ci_length","bart_ps-bart",17,"bart","linear_basic",0.347392602622113
"dgp57","coverage","bart_ps-bart",17,"bart","linear_basic",1
"dgp57","ate_estimate","bart_ps-bart",18,"bart","linear_basic",0.439611177245951
"dgp57","ate_bias","bart_ps-bart",18,"bart","linear_basic",0.0603888227540486
"dgp57","ci_length","bart_ps-bart",18,"bart","linear_basic",0.332847473814673
"dgp57","coverage","bart_ps-bart",18,"bart","linear_basic",1
"dgp57","ate_estimate","bart_ps-bart",19,"bart","linear_basic",0.580686610376718
"dgp57","ate_bias","bart_ps-bart",19,"bart","linear_basic",-0.0806866103767183
"dgp57","ci_length","bart_ps-bart",19,"bart","linear_basic",0.355711549065043
"dgp57","coverage","bart_ps-bart",19,"bart","linear_basic",1
"dgp57","ate_estimate","bart_ps-bart",20,"bart","linear_basic",0.447370029110307
"dgp57","ate_bias","bart_ps-bart",20,"bart","linear_basic",0.0526299708896926
"dgp57","ci_length","bart_ps-bart",20,"bart","linear_basic",0.32042852293861
"dgp57","coverage","bart_ps-bart",20,"bart","linear_basic",1
"dgp58","ate_estimate","bart_ps-bart",1,"bart","linear_basic",0.873817508073998
"dgp58","ate_bias","bart_ps-bart",1,"bart","linear_basic",0.126182491926002
"dgp58","ci_length","bart_ps-bart",1,"bart","linear_basic",0.41480733344619
"dgp58","coverage","bart_ps-bart",1,"bart","linear_basic",1
"dgp58","ate_estimate","bart_ps-bart",2,"bart","linear_basic",0.882074897799049
"dgp58","ate_bias","bart_ps-bart",2,"bart","linear_basic",0.117925102200951
"dgp58","ci_length","bart_ps-bart",2,"bart","linear_basic",0.390674910092604
"dgp58","coverage","bart_ps-bart",2,"bart","linear_basic",1
"dgp58","ate_estimate","bart_ps-bart",3,"bart","linear_basic",0.855737335919902
"dgp58","ate_bias","bart_ps-bart",3,"bart","linear_basic",0.144262664080098
"dgp58","ci_length","bart_ps-bart",3,"bart","linear_basic",0.446246092694077
"dgp58","coverage","bart_ps-bart",3,"bart","linear_basic",1
"dgp58","ate_estimate","bart_ps-bart",4,"bart","linear_basic",1.13717876499054
"dgp58","ate_bias","bart_ps-bart",4,"bart","linear_basic",-0.137178764990536
"dgp58","ci_length","bart_ps-bart",4,"bart","linear_basic",0.388047574025498
"dgp58","coverage","bart_ps-bart",4,"bart","linear_basic",1
"dgp58","ate_estimate","bart_ps-bart",5,"bart","linear_basic",0.999031093090948
"dgp58","ate_bias","bart_ps-bart",5,"bart","linear_basic",0.000968906909051714
"dgp58","ci_length","bart_ps-bart",5,"bart","linear_basic",0.381229758555205
"dgp58","coverage","bart_ps-bart",5,"bart","linear_basic",1
"dgp58","ate_estimate","bart_ps-bart",6,"bart","linear_basic",0.912391511013661
"dgp58","ate_bias","bart_ps-bart",6,"bart","linear_basic",0.087608488986339
"dgp58","ci_length","bart_ps-bart",6,"bart","linear_basic",0.409216038043519
"dgp58","coverage","bart_ps-bart",6,"bart","linear_basic",1
"dgp58","ate_estimate","bart_ps-bart",7,"bart","linear_basic",1.0431655553812
"dgp58","ate_bias","bart_ps-bart",7,"bart","linear_basic",-0.0431655553812018
"dgp58","ci_length","bart_ps-bart",7,"bart","linear_basic",0.363623870050982
"dgp58","coverage","bart_ps-bart",7,"bart","linear_basic",1
"dgp58","ate_estimate","bart_ps-bart",8,"bart","linear_basic",1.05451915404377
"dgp58","ate_bias","bart_ps-bart",8,"bart","linear_basic",-0.0545191540437651
"dgp58","ci_length","bart_ps-bart",8,"bart","linear_basic",0.386134178384543
"dgp58","coverage","bart_ps-bart",8,"bart","linear_basic",1
"dgp58","ate_estimate","bart_ps-bart",9,"bart","linear_basic",1.02384576279758
"dgp58","ate_bias","bart_ps-bart",9,"bart","linear_basic",-0.0238457627975772
"dgp58","ci_length","bart_ps-bart",9,"bart","linear_basic",0.369344821603012
"dgp58","coverage","bart_ps-bart",9,"bart","linear_basic",1
"dgp58","ate_estimate","bart_ps-bart",10,"bart","linear_basic",0.972083178868046
"dgp58","ate_bias","bart_ps-bart",10,"bart","linear_basic",0.0279168211319536
"dgp58","ci_length","bart_ps-bart",10,"bart","linear_basic",0.427469223427427
"dgp58","coverage","bart_ps-bart",10,"bart","linear_basic",1
"dgp58","ate_estimate","bart_ps-bart",11,"bart","linear_basic",0.876908635968285
"dgp58","ate_bias","bart_ps-bart",11,"bart","linear_basic",0.123091364031715
"dgp58","ci_length","bart_ps-bart",11,"bart","linear_basic",0.377234051132841
"dgp58","coverage","bart_ps-bart",11,"bart","linear_basic",1
"dgp58","ate_estimate","bart_ps-bart",12,"bart","linear_basic",1.02928007944663
"dgp58","ate_bias","bart_ps-bart",12,"bart","linear_basic",-0.0292800794466288
"dgp58","ci_length","bart_ps-bart",12,"bart","linear_basic",0.347288333410759
"dgp58","coverage","bart_ps-bart",12,"bart","linear_basic",1
"dgp58","ate_estimate","bart_ps-bart",13,"bart","linear_basic",1.02811427422503
"dgp58","ate_bias","bart_ps-bart",13,"bart","linear_basic",-0.0281142742250264
"dgp58","ci_length","bart_ps-bart",13,"bart","linear_basic",0.379966144135132
"dgp58","coverage","bart_ps-bart",13,"bart","linear_basic",1
"dgp58","ate_estimate","bart_ps-bart",14,"bart","linear_basic",0.788418255229995
"dgp58","ate_bias","bart_ps-bart",14,"bart","linear_basic",0.211581744770005
"dgp58","ci_length","bart_ps-bart",14,"bart","linear_basic",0.411484620069879
"dgp58","coverage","bart_ps-bart",14,"bart","linear_basic",0
"dgp58","ate_estimate","bart_ps-bart",15,"bart","linear_basic",0.814150204923902
"dgp58","ate_bias","bart_ps-bart",15,"bart","linear_basic",0.185849795076098
"dgp58","ci_length","bart_ps-bart",15,"bart","linear_basic",0.432041005343692
"dgp58","coverage","bart_ps-bart",15,"bart","linear_basic",1
"dgp58","ate_estimate","bart_ps-bart",16,"bart","linear_basic",1.15626607613934
"dgp58","ate_bias","bart_ps-bart",16,"bart","linear_basic",-0.156266076139342
"dgp58","ci_length","bart_ps-bart",16,"bart","linear_basic",0.366078243881355
"dgp58","coverage","bart_ps-bart",16,"bart","linear_basic",1
"dgp58","ate_estimate","bart_ps-bart",17,"bart","linear_basic",0.869054479950632
"dgp58","ate_bias","bart_ps-bart",17,"bart","linear_basic",0.130945520049368
"dgp58","ci_length","bart_ps-bart",17,"bart","linear_basic",0.404458430159167
"dgp58","coverage","bart_ps-bart",17,"bart","linear_basic",1
"dgp58","ate_estimate","bart_ps-bart",18,"bart","linear_basic",1.01158384741691
"dgp58","ate_bias","bart_ps-bart",18,"bart","linear_basic",-0.0115838474169143
"dgp58","ci_length","bart_ps-bart",18,"bart","linear_basic",0.413492497040188
"dgp58","coverage","bart_ps-bart",18,"bart","linear_basic",1
"dgp58","ate_estimate","bart_ps-bart",19,"bart","linear_basic",0.866663613128472
"dgp58","ate_bias","bart_ps-bart",19,"bart","linear_basic",0.133336386871528
"dgp58","ci_length","bart_ps-bart",19,"bart","linear_basic",0.418918187277946
"dgp58","coverage","bart_ps-bart",19,"bart","linear_basic",1
"dgp58","ate_estimate","bart_ps-bart",20,"bart","linear_basic",1.05074410671014
"dgp58","ate_bias","bart_ps-bart",20,"bart","linear_basic",-0.0507441067101386
"dgp58","ci_length","bart_ps-bart",20,"bart","linear_basic",0.390032753940299
"dgp58","coverage","bart_ps-bart",20,"bart","linear_basic",1
"dgp59","ate_estimate","bart_ps-bart",1,"bart","linear_basic",-0.794684683825691
"dgp59","ate_bias","bart_ps-bart",1,"bart","linear_basic",-0.00531531617430936
"dgp59","ci_length","bart_ps-bart",1,"bart","linear_basic",0.375407861352707
"dgp59","coverage","bart_ps-bart",1,"bart","linear_basic",1
"dgp59","ate_estimate","bart_ps-bart",2,"bart","linear_basic",-0.647480013618269
"dgp59","ate_bias","bart_ps-bart",2,"bart","linear_basic",-0.152519986381731
"dgp59","ci_length","bart_ps-bart",2,"bart","linear_basic",0.393469519025757
"dgp59","coverage","bart_ps-bart",2,"bart","linear_basic",1
"dgp59","ate_estimate","bart_ps-bart",3,"bart","linear_basic",-0.798144733927354
"dgp59","ate_bias","bart_ps-bart",3,"bart","linear_basic",-0.00185526607264619
"dgp59","ci_length","bart_ps-bart",3,"bart","linear_basic",0.363375305693719
"dgp59","coverage","bart_ps-bart",3,"bart","linear_basic",1
"dgp59","ate_estimate","bart_ps-bart",4,"bart","linear_basic",-0.885871772792795
"dgp59","ate_bias","bart_ps-bart",4,"bart","linear_basic",0.0858717727927951
"dgp59","ci_length","bart_ps-bart",4,"bart","linear_basic",0.361844280378207
"dgp59","coverage","bart_ps-bart",4,"bart","linear_basic",1
"dgp59","ate_estimate","bart_ps-bart",5,"bart","linear_basic",-0.786822751213997
"dgp59","ate_bias","bart_ps-bart",5,"bart","linear_basic",-0.0131772487860028
"dgp59","ci_length","bart_ps-bart",5,"bart","linear_basic",0.406070921895482
"dgp59","coverage","bart_ps-bart",5,"bart","linear_basic",1
"dgp59","ate_estimate","bart_ps-bart",6,"bart","linear_basic",-0.815728469296358
"dgp59","ate_bias","bart_ps-bart",6,"bart","linear_basic",0.0157284692963576
"dgp59","ci_length","bart_ps-bart",6,"bart","linear_basic",0.367374251298095
"dgp59","coverage","bart_ps-bart",6,"bart","linear_basic",1
"dgp59","ate_estimate","bart_ps-bart",7,"bart","linear_basic",-0.729822713528246
"dgp59","ate_bias","bart_ps-bart",7,"bart","linear_basic",-0.0701772864717544
"dgp59","ci_length","bart_ps-bart",7,"bart","linear_basic",0.384109209086822
"dgp59","coverage","bart_ps-bart",7,"bart","linear_basic",1
"dgp59","ate_estimate","bart_ps-bart",8,"bart","linear_basic",-0.784817737153487
"dgp59","ate_bias","bart_ps-bart",8,"bart","linear_basic",-0.0151822628465128
"dgp59","ci_length","bart_ps-bart",8,"bart","linear_basic",0.350330590673849
"dgp59","coverage","bart_ps-bart",8,"bart","linear_basic",1
"dgp59","ate_estimate","bart_ps-bart",9,"bart","linear_basic",-0.815118495077368
"dgp59","ate_bias","bart_ps-bart",9,"bart","linear_basic",0.015118495077368
"dgp59","ci_length","bart_ps-bart",9,"bart","linear_basic",0.35435478301876
"dgp59","coverage","bart_ps-bart",9,"bart","linear_basic",1
"dgp59","ate_estimate","bart_ps-bart",10,"bart","linear_basic",-0.932346104152586
"dgp59","ate_bias","bart_ps-bart",10,"bart","linear_basic",0.132346104152586
"dgp59","ci_length","bart_ps-bart",10,"bart","linear_basic",0.382762140551183
"dgp59","coverage","bart_ps-bart",10,"bart","linear_basic",1
"dgp59","ate_estimate","bart_ps-bart",11,"bart","linear_basic",-0.762374124654016
"dgp59","ate_bias","bart_ps-bart",11,"bart","linear_basic",-0.0376258753459843
"dgp59","ci_length","bart_ps-bart",11,"bart","linear_basic",0.362249336393144
"dgp59","coverage","bart_ps-bart",11,"bart","linear_basic",1
"dgp59","ate_estimate","bart_ps-bart",12,"bart","linear_basic",-0.905140926542714
"dgp59","ate_bias","bart_ps-bart",12,"bart","linear_basic",0.105140926542714
"dgp59","ci_length","bart_ps-bart",12,"bart","linear_basic",0.377085072146398
"dgp59","coverage","bart_ps-bart",12,"bart","linear_basic",1
"dgp59","ate_estimate","bart_ps-bart",13,"bart","linear_basic",-0.774415089789508
"dgp59","ate_bias","bart_ps-bart",13,"bart","linear_basic",-0.0255849102104918
"dgp59","ci_length","bart_ps-bart",13,"bart","linear_basic",0.36260368678469
"dgp59","coverage","bart_ps-bart",13,"bart","linear_basic",1
"dgp59","ate_estimate","bart_ps-bart",14,"bart","linear_basic",-0.835259974832542
"dgp59","ate_bias","bart_ps-bart",14,"bart","linear_basic",0.0352599748325418
"dgp59","ci_length","bart_ps-bart",14,"bart","linear_basic",0.376712569757167
"dgp59","coverage","bart_ps-bart",14,"bart","linear_basic",1
"dgp59","ate_estimate","bart_ps-bart",15,"bart","linear_basic",-1.04658338580268
"dgp59","ate_bias","bart_ps-bart",15,"bart","linear_basic",0.246583385802681
"dgp59","ci_length","bart_ps-bart",15,"bart","linear_basic",0.346983070928293
"dgp59","coverage","bart_ps-bart",15,"bart","linear_basic",0
"dgp59","ate_estimate","bart_ps-bart",16,"bart","linear_basic",-0.777508931752145
"dgp59","ate_bias","bart_ps-bart",16,"bart","linear_basic",-0.0224910682478553
"dgp59","ci_length","bart_ps-bart",16,"bart","linear_basic",0.395281514363841
"dgp59","coverage","bart_ps-bart",16,"bart","linear_basic",1
"dgp59","ate_estimate","bart_ps-bart",17,"bart","linear_basic",-0.79688331378997
"dgp59","ate_bias","bart_ps-bart",17,"bart","linear_basic",-0.00311668621002981
"dgp59","ci_length","bart_ps-bart",17,"bart","linear_basic",0.369378671526669
"dgp59","coverage","bart_ps-bart",17,"bart","linear_basic",1
"dgp59","ate_estimate","bart_ps-bart",18,"bart","linear_basic",-0.6509423588836
"dgp59","ate_bias","bart_ps-bart",18,"bart","linear_basic",-0.1490576411164
"dgp59","ci_length","bart_ps-bart",18,"bart","linear_basic",0.382425978597707
"dgp59","coverage","bart_ps-bart",18,"bart","linear_basic",1
"dgp59","ate_estimate","bart_ps-bart",19,"bart","linear_basic",-0.773879988403367
"dgp59","ate_bias","bart_ps-bart",19,"bart","linear_basic",-0.0261200115966334
"dgp59","ci_length","bart_ps-bart",19,"bart","linear_basic",0.372557166150799
"dgp59","coverage","bart_ps-bart",19,"bart","linear_basic",1
"dgp59","ate_estimate","bart_ps-bart",20,"bart","linear_basic",-0.76930054056432
"dgp59","ate_bias","bart_ps-bart",20,"bart","linear_basic",-0.0306994594356803
"dgp59","ci_length","bart_ps-bart",20,"bart","linear_basic",0.341171064977909
"dgp59","coverage","bart_ps-bart",20,"bart","linear_basic",1
"dgp60","ate_estimate","bart_ps-bart",1,"bart","linear_basic",1.69431274671452
"dgp60","ate_bias","bart_ps-bart",1,"bart","linear_basic",-0.00806443517832189
"dgp60","ci_length","bart_ps-bart",1,"bart","linear_basic",0.319422110021607
"dgp60","coverage","bart_ps-bart",1,"bart","linear_basic",1
"dgp60","ate_estimate","bart_ps-bart",2,"bart","linear_basic",1.72311480564236
"dgp60","ate_bias","bart_ps-bart",2,"bart","linear_basic",-0.0368664941061572
"dgp60","ci_length","bart_ps-bart",2,"bart","linear_basic",0.298799213655377
"dgp60","coverage","bart_ps-bart",2,"bart","linear_basic",1
"dgp60","ate_estimate","bart_ps-bart",3,"bart","linear_basic",1.7745475021932
"dgp60","ate_bias","bart_ps-bart",3,"bart","linear_basic",-0.0882991906569996
"dgp60","ci_length","bart_ps-bart",3,"bart","linear_basic",0.298276724930153
"dgp60","coverage","bart_ps-bart",3,"bart","linear_basic",1
"dgp60","ate_estimate","bart_ps-bart",4,"bart","linear_basic",1.5726673639783
"dgp60","ate_bias","bart_ps-bart",4,"bart","linear_basic",0.113580947557899
"dgp60","ci_length","bart_ps-bart",4,"bart","linear_basic",0.290198705284724
"dgp60","coverage","bart_ps-bart",4,"bart","linear_basic",1
"dgp60","ate_estimate","bart_ps-bart",5,"bart","linear_basic",1.55445718002944
"dgp60","ate_bias","bart_ps-bart",5,"bart","linear_basic",0.131791131506764
"dgp60","ci_length","bart_ps-bart",5,"bart","linear_basic",0.297679456655529
"dgp60","coverage","bart_ps-bart",5,"bart","linear_basic",1
"dgp60","ate_estimate","bart_ps-bart",6,"bart","linear_basic",1.62933460838152
"dgp60","ate_bias","bart_ps-bart",6,"bart","linear_basic",0.0569137031546834
"dgp60","ci_length","bart_ps-bart",6,"bart","linear_basic",0.284045686927789
"dgp60","coverage","bart_ps-bart",6,"bart","linear_basic",1
"dgp60","ate_estimate","bart_ps-bart",7,"bart","linear_basic",1.6807182688544
"dgp60","ate_bias","bart_ps-bart",7,"bart","linear_basic",0.00553004268180479
"dgp60","ci_length","bart_ps-bart",7,"bart","linear_basic",0.29119889224248
"dgp60","coverage","bart_ps-bart",7,"bart","linear_basic",1
"dgp60","ate_estimate","bart_ps-bart",8,"bart","linear_basic",1.56907801680955
"dgp60","ate_bias","bart_ps-bart",8,"bart","linear_basic",0.11717029472665
"dgp60","ci_length","bart_ps-bart",8,"bart","linear_basic",0.32038929649658
"dgp60","coverage","bart_ps-bart",8,"bart","linear_basic",1
"dgp60","ate_estimate","bart_ps-bart",9,"bart","linear_basic",1.48106973070166
"dgp60","ate_bias","bart_ps-bart",9,"bart","linear_basic",0.205178580834543
"dgp60","ci_length","bart_ps-bart",9,"bart","linear_basic",0.287395999443384
"dgp60","coverage","bart_ps-bart",9,"bart","linear_basic",0
"dgp60","ate_estimate","bart_ps-bart",10,"bart","linear_basic",1.68024729835908
"dgp60","ate_bias","bart_ps-bart",10,"bart","linear_basic",0.00600101317711665
"dgp60","ci_length","bart_ps-bart",10,"bart","linear_basic",0.298409349739839
"dgp60","coverage","bart_ps-bart",10,"bart","linear_basic",1
"dgp60","ate_estimate","bart_ps-bart",11,"bart","linear_basic",1.60306562033517
"dgp60","ate_bias","bart_ps-bart",11,"bart","linear_basic",0.0831826912010332
"dgp60","ci_length","bart_ps-bart",11,"bart","linear_basic",0.285741327111019
"dgp60","coverage","bart_ps-bart",11,"bart","linear_basic",1
"dgp60","ate_estimate","bart_ps-bart",12,"bart","linear_basic",1.65321473513596
"dgp60","ate_bias","bart_ps-bart",12,"bart","linear_basic",0.033033576400243
"dgp60","ci_length","bart_ps-bart",12,"bart","linear_basic",0.300660054850467
"dgp60","coverage","bart_ps-bart",12,"bart","linear_basic",1
"dgp60","ate_estimate","bart_ps-bart",13,"bart","linear_basic",1.74642276009142
"dgp60","ate_bias","bart_ps-bart",13,"bart","linear_basic",-0.0601744485552171
"dgp60","ci_length","bart_ps-bart",13,"bart","linear_basic",0.298443508367289
"dgp60","coverage","bart_ps-bart",13,"bart","linear_basic",1
"dgp60","ate_estimate","bart_ps-bart",14,"bart","linear_basic",1.56891639671565
"dgp60","ate_bias","bart_ps-bart",14,"bart","linear_basic",0.117331914820549
"dgp60","ci_length","bart_ps-bart",14,"bart","linear_basic",0.307529474844785
"dgp60","coverage","bart_ps-bart",14,"bart","linear_basic",1
"dgp60","ate_estimate","bart_ps-bart",15,"bart","linear_basic",1.67917816235888
"dgp60","ate_bias","bart_ps-bart",15,"bart","linear_basic",0.00707014917731708
"dgp60","ci_length","bart_ps-bart",15,"bart","linear_basic",0.31612378874124
"dgp60","coverage","bart_ps-bart",15,"bart","linear_basic",1
"dgp60","ate_estimate","bart_ps-bart",16,"bart","linear_basic",1.71120880627174
"dgp60","ate_bias","bart_ps-bart",16,"bart","linear_basic",-0.0249604947355415
"dgp60","ci_length","bart_ps-bart",16,"bart","linear_basic",0.29482541892803
"dgp60","coverage","bart_ps-bart",16,"bart","linear_basic",1
"dgp60","ate_estimate","bart_ps-bart",17,"bart","linear_basic",1.80012702411782
"dgp60","ate_bias","bart_ps-bart",17,"bart","linear_basic",-0.113878712581623
"dgp60","ci_length","bart_ps-bart",17,"bart","linear_basic",0.322521586816764
"dgp60","coverage","bart_ps-bart",17,"bart","linear_basic",1
"dgp60","ate_estimate","bart_ps-bart",18,"bart","linear_basic",1.78770195944756
"dgp60","ate_bias","bart_ps-bart",18,"bart","linear_basic",-0.101453647911359
"dgp60","ci_length","bart_ps-bart",18,"bart","linear_basic",0.276059608050524
"dgp60","coverage","bart_ps-bart",18,"bart","linear_basic",1
"dgp60","ate_estimate","bart_ps-bart",19,"bart","linear_basic",1.56141145837563
"dgp60","ate_bias","bart_ps-bart",19,"bart","linear_basic",0.124836853160574
"dgp60","ci_length","bart_ps-bart",19,"bart","linear_basic",0.282714327969054
"dgp60","coverage","bart_ps-bart",19,"bart","linear_basic",1
"dgp60","ate_estimate","bart_ps-bart",20,"bart","linear_basic",1.66282745394321
"dgp60","ate_bias","bart_ps-bart",20,"bart","linear_basic",0.0234208575929913
"dgp60","ci_length","bart_ps-bart",20,"bart","linear_basic",0.295248944262437
"dgp60","coverage","bart_ps-bart",20,"bart","linear_basic",1
"dgp61","ate_estimate","bart_ps-bart",1,"bart","linear_basic",1.94203217980501
"dgp61","ate_bias","bart_ps-bart",1,"bart","linear_basic",0.0579678201949889
"dgp61","ci_length","bart_ps-bart",1,"bart","linear_basic",0.955621169523995
"dgp61","coverage","bart_ps-bart",1,"bart","linear_basic",1
"dgp61","ate_estimate","bart_ps-bart",2,"bart","linear_basic",1.97533124197731
"dgp61","ate_bias","bart_ps-bart",2,"bart","linear_basic",0.0246687580226885
"dgp61","ci_length","bart_ps-bart",2,"bart","linear_basic",0.749430347815904
"dgp61","coverage","bart_ps-bart",2,"bart","linear_basic",1
"dgp61","ate_estimate","bart_ps-bart",3,"bart","linear_basic",1.82355802952942
"dgp61","ate_bias","bart_ps-bart",3,"bart","linear_basic",0.176441970470578
"dgp61","ci_length","bart_ps-bart",3,"bart","linear_basic",0.883209091738168
"dgp61","coverage","bart_ps-bart",3,"bart","linear_basic",1
"dgp61","ate_estimate","bart_ps-bart",4,"bart","linear_basic",1.95335125203978
"dgp61","ate_bias","bart_ps-bart",4,"bart","linear_basic",0.0466487479602162
"dgp61","ci_length","bart_ps-bart",4,"bart","linear_basic",0.81982523587763
"dgp61","coverage","bart_ps-bart",4,"bart","linear_basic",1
"dgp61","ate_estimate","bart_ps-bart",5,"bart","linear_basic",1.98266300101133
"dgp61","ate_bias","bart_ps-bart",5,"bart","linear_basic",0.0173369989886651
"dgp61","ci_length","bart_ps-bart",5,"bart","linear_basic",0.86488039207537
"dgp61","coverage","bart_ps-bart",5,"bart","linear_basic",1
"dgp61","ate_estimate","bart_ps-bart",6,"bart","linear_basic",1.87916947055013
"dgp61","ate_bias","bart_ps-bart",6,"bart","linear_basic",0.120830529449867
"dgp61","ci_length","bart_ps-bart",6,"bart","linear_basic",0.778699070244642
"dgp61","coverage","bart_ps-bart",6,"bart","linear_basic",1
"dgp61","ate_estimate","bart_ps-bart",7,"bart","linear_basic",2.14255557536251
"dgp61","ate_bias","bart_ps-bart",7,"bart","linear_basic",-0.142555575362509
"dgp61","ci_length","bart_ps-bart",7,"bart","linear_basic",0.766308904164948
"dgp61","coverage","bart_ps-bart",7,"bart","linear_basic",1
"dgp61","ate_estimate","bart_ps-bart",8,"bart","linear_basic",2.16225472686891
"dgp61","ate_bias","bart_ps-bart",8,"bart","linear_basic",-0.162254726868905
"dgp61","ci_length","bart_ps-bart",8,"bart","linear_basic",0.870294027841725
"dgp61","coverage","bart_ps-bart",8,"bart","linear_basic",1
"dgp61","ate_estimate","bart_ps-bart",9,"bart","linear_basic",1.98184033994771
"dgp61","ate_bias","bart_ps-bart",9,"bart","linear_basic",0.0181596600522882
"dgp61","ci_length","bart_ps-bart",9,"bart","linear_basic",0.80941116309351
"dgp61","coverage","bart_ps-bart",9,"bart","linear_basic",1
"dgp61","ate_estimate","bart_ps-bart",10,"bart","linear_basic",1.97881908716328
"dgp61","ate_bias","bart_ps-bart",10,"bart","linear_basic",0.0211809128367151
"dgp61","ci_length","bart_ps-bart",10,"bart","linear_basic",0.712996561850264
"dgp61","coverage","bart_ps-bart",10,"bart","linear_basic",1
"dgp61","ate_estimate","bart_ps-bart",11,"bart","linear_basic",2.07848253751447
"dgp61","ate_bias","bart_ps-bart",11,"bart","linear_basic",-0.0784825375144673
"dgp61","ci_length","bart_ps-bart",11,"bart","linear_basic",0.787435562797641
"dgp61","coverage","bart_ps-bart",11,"bart","linear_basic",1
"dgp61","ate_estimate","bart_ps-bart",12,"bart","linear_basic",2.01342986604707
"dgp61","ate_bias","bart_ps-bart",12,"bart","linear_basic",-0.013429866047074
"dgp61","ci_length","bart_ps-bart",12,"bart","linear_basic",0.866225255857506
"dgp61","coverage","bart_ps-bart",12,"bart","linear_basic",1
"dgp61","ate_estimate","bart_ps-bart",13,"bart","linear_basic",2.07451320480585
"dgp61","ate_bias","bart_ps-bart",13,"bart","linear_basic",-0.0745132048058545
"dgp61","ci_length","bart_ps-bart",13,"bart","linear_basic",0.859606163294944
"dgp61","coverage","bart_ps-bart",13,"bart","linear_basic",1
"dgp61","ate_estimate","bart_ps-bart",14,"bart","linear_basic",1.96852759433875
"dgp61","ate_bias","bart_ps-bart",14,"bart","linear_basic",0.0314724056612474
"dgp61","ci_length","bart_ps-bart",14,"bart","linear_basic",1.12533319614022
"dgp61","coverage","bart_ps-bart",14,"bart","linear_basic",1
"dgp61","ate_estimate","bart_ps-bart",15,"bart","linear_basic",1.94307529676932
"dgp61","ate_bias","bart_ps-bart",15,"bart","linear_basic",0.0569247032306797
"dgp61","ci_length","bart_ps-bart",15,"bart","linear_basic",0.761109625707082
"dgp61","coverage","bart_ps-bart",15,"bart","linear_basic",1
"dgp61","ate_estimate","bart_ps-bart",16,"bart","linear_basic",2.09529553579593
"dgp61","ate_bias","bart_ps-bart",16,"bart","linear_basic",-0.0952955357959304
"dgp61","ci_length","bart_ps-bart",16,"bart","linear_basic",0.759861003543253
"dgp61","coverage","bart_ps-bart",16,"bart","linear_basic",1
"dgp61","ate_estimate","bart_ps-bart",17,"bart","linear_basic",2.25998589809981
"dgp61","ate_bias","bart_ps-bart",17,"bart","linear_basic",-0.259985898099807
"dgp61","ci_length","bart_ps-bart",17,"bart","linear_basic",0.933030963272852
"dgp61","coverage","bart_ps-bart",17,"bart","linear_basic",1
"dgp61","ate_estimate","bart_ps-bart",18,"bart","linear_basic",2.30002094815739
"dgp61","ate_bias","bart_ps-bart",18,"bart","linear_basic",-0.300020948157392
"dgp61","ci_length","bart_ps-bart",18,"bart","linear_basic",0.809554791381258
"dgp61","coverage","bart_ps-bart",18,"bart","linear_basic",1
"dgp61","ate_estimate","bart_ps-bart",19,"bart","linear_basic",1.89350683608629
"dgp61","ate_bias","bart_ps-bart",19,"bart","linear_basic",0.106493163913711
"dgp61","ci_length","bart_ps-bart",19,"bart","linear_basic",0.830606953815622
"dgp61","coverage","bart_ps-bart",19,"bart","linear_basic",1
"dgp61","ate_estimate","bart_ps-bart",20,"bart","linear_basic",1.82315823697981
"dgp61","ate_bias","bart_ps-bart",20,"bart","linear_basic",0.176841763020195
"dgp61","ci_length","bart_ps-bart",20,"bart","linear_basic",0.907283572755209
"dgp61","coverage","bart_ps-bart",20,"bart","linear_basic",1
"dgp62","ate_estimate","bart_ps-bart",1,"bart","linear_basic",2.287946827413
"dgp62","ate_bias","bart_ps-bart",1,"bart","linear_basic",-0.287946827413001
"dgp62","ci_length","bart_ps-bart",1,"bart","linear_basic",0.983639319195732
"dgp62","coverage","bart_ps-bart",1,"bart","linear_basic",1
"dgp62","ate_estimate","bart_ps-bart",2,"bart","linear_basic",2.17740562782439
"dgp62","ate_bias","bart_ps-bart",2,"bart","linear_basic",-0.177405627824391
"dgp62","ci_length","bart_ps-bart",2,"bart","linear_basic",0.839012633648112
"dgp62","coverage","bart_ps-bart",2,"bart","linear_basic",1
"dgp62","ate_estimate","bart_ps-bart",3,"bart","linear_basic",2.15005888160424
"dgp62","ate_bias","bart_ps-bart",3,"bart","linear_basic",-0.150058881604244
"dgp62","ci_length","bart_ps-bart",3,"bart","linear_basic",0.98037829191213
"dgp62","coverage","bart_ps-bart",3,"bart","linear_basic",1
"dgp62","ate_estimate","bart_ps-bart",4,"bart","linear_basic",2.35980930389637
"dgp62","ate_bias","bart_ps-bart",4,"bart","linear_basic",-0.359809303896367
"dgp62","ci_length","bart_ps-bart",4,"bart","linear_basic",0.876781572795117
"dgp62","coverage","bart_ps-bart",4,"bart","linear_basic",1
"dgp62","ate_estimate","bart_ps-bart",5,"bart","linear_basic",2.0744189311944
"dgp62","ate_bias","bart_ps-bart",5,"bart","linear_basic",-0.074418931194403
"dgp62","ci_length","bart_ps-bart",5,"bart","linear_basic",0.840551278690342
"dgp62","coverage","bart_ps-bart",5,"bart","linear_basic",1
"dgp62","ate_estimate","bart_ps-bart",6,"bart","linear_basic",1.70058293592705
"dgp62","ate_bias","bart_ps-bart",6,"bart","linear_basic",0.299417064072947
"dgp62","ci_length","bart_ps-bart",6,"bart","linear_basic",0.947526165079907
"dgp62","coverage","bart_ps-bart",6,"bart","linear_basic",1
"dgp62","ate_estimate","bart_ps-bart",7,"bart","linear_basic",1.90976840420135
"dgp62","ate_bias","bart_ps-bart",7,"bart","linear_basic",0.0902315957986466
"dgp62","ci_length","bart_ps-bart",7,"bart","linear_basic",0.84256602587128
"dgp62","coverage","bart_ps-bart",7,"bart","linear_basic",1
"dgp62","ate_estimate","bart_ps-bart",8,"bart","linear_basic",1.98561133900298
"dgp62","ate_bias","bart_ps-bart",8,"bart","linear_basic",0.0143886609970152
"dgp62","ci_length","bart_ps-bart",8,"bart","linear_basic",0.809242432894221
"dgp62","coverage","bart_ps-bart",8,"bart","linear_basic",1
"dgp62","ate_estimate","bart_ps-bart",9,"bart","linear_basic",1.69560042370906
"dgp62","ate_bias","bart_ps-bart",9,"bart","linear_basic",0.304399576290936
"dgp62","ci_length","bart_ps-bart",9,"bart","linear_basic",0.836048287676579
"dgp62","coverage","bart_ps-bart",9,"bart","linear_basic",1
"dgp62","ate_estimate","bart_ps-bart",10,"bart","linear_basic",2.2533046010899
"dgp62","ate_bias","bart_ps-bart",10,"bart","linear_basic",-0.253304601089896
"dgp62","ci_length","bart_ps-bart",10,"bart","linear_basic",0.774016747481167
"dgp62","coverage","bart_ps-bart",10,"bart","linear_basic",1
"dgp62","ate_estimate","bart_ps-bart",11,"bart","linear_basic",2.02790099857634
"dgp62","ate_bias","bart_ps-bart",11,"bart","linear_basic",-0.0279009985763419
"dgp62","ci_length","bart_ps-bart",11,"bart","linear_basic",0.877620123049984
"dgp62","coverage","bart_ps-bart",11,"bart","linear_basic",1
"dgp62","ate_estimate","bart_ps-bart",12,"bart","linear_basic",1.71318612078716
"dgp62","ate_bias","bart_ps-bart",12,"bart","linear_basic",0.286813879212838
"dgp62","ci_length","bart_ps-bart",12,"bart","linear_basic",0.887462272756618
"dgp62","coverage","bart_ps-bart",12,"bart","linear_basic",1
"dgp62","ate_estimate","bart_ps-bart",13,"bart","linear_basic",2.07007014683306
"dgp62","ate_bias","bart_ps-bart",13,"bart","linear_basic",-0.0700701468330576
"dgp62","ci_length","bart_ps-bart",13,"bart","linear_basic",0.812172862300309
"dgp62","coverage","bart_ps-bart",13,"bart","linear_basic",1
"dgp62","ate_estimate","bart_ps-bart",14,"bart","linear_basic",2.4213833404032
"dgp62","ate_bias","bart_ps-bart",14,"bart","linear_basic",-0.421383340403199
"dgp62","ci_length","bart_ps-bart",14,"bart","linear_basic",0.908688452176961
"dgp62","coverage","bart_ps-bart",14,"bart","linear_basic",1
"dgp62","ate_estimate","bart_ps-bart",15,"bart","linear_basic",2.24141420728941
"dgp62","ate_bias","bart_ps-bart",15,"bart","linear_basic",-0.241414207289406
"dgp62","ci_length","bart_ps-bart",15,"bart","linear_basic",0.872985559928171
"dgp62","coverage","bart_ps-bart",15,"bart","linear_basic",1
"dgp62","ate_estimate","bart_ps-bart",16,"bart","linear_basic",2.09443415614313
"dgp62","ate_bias","bart_ps-bart",16,"bart","linear_basic",-0.0944341561431261
"dgp62","ci_length","bart_ps-bart",16,"bart","linear_basic",0.85829862929722
"dgp62","coverage","bart_ps-bart",16,"bart","linear_basic",1
"dgp62","ate_estimate","bart_ps-bart",17,"bart","linear_basic",2.41644805526742
"dgp62","ate_bias","bart_ps-bart",17,"bart","linear_basic",-0.416448055267424
"dgp62","ci_length","bart_ps-bart",17,"bart","linear_basic",0.891670555665228
"dgp62","coverage","bart_ps-bart",17,"bart","linear_basic",1
"dgp62","ate_estimate","bart_ps-bart",18,"bart","linear_basic",2.01682639309248
"dgp62","ate_bias","bart_ps-bart",18,"bart","linear_basic",-0.0168263930924799
"dgp62","ci_length","bart_ps-bart",18,"bart","linear_basic",0.824167681224112
"dgp62","coverage","bart_ps-bart",18,"bart","linear_basic",1
"dgp62","ate_estimate","bart_ps-bart",19,"bart","linear_basic",2.58770547628198
"dgp62","ate_bias","bart_ps-bart",19,"bart","linear_basic",-0.587705476281976
"dgp62","ci_length","bart_ps-bart",19,"bart","linear_basic",0.89873310027958
"dgp62","coverage","bart_ps-bart",19,"bart","linear_basic",0
"dgp62","ate_estimate","bart_ps-bart",20,"bart","linear_basic",2.07870091348601
"dgp62","ate_bias","bart_ps-bart",20,"bart","linear_basic",-0.0787009134860104
"dgp62","ci_length","bart_ps-bart",20,"bart","linear_basic",0.803748787584263
"dgp62","coverage","bart_ps-bart",20,"bart","linear_basic",1
"dgp63","ate_estimate","bart_ps-bart",1,"bart","linear_basic",-2.02217016661781
"dgp63","ate_bias","bart_ps-bart",1,"bart","linear_basic",0.0221701666178089
"dgp63","ci_length","bart_ps-bart",1,"bart","linear_basic",0.957428996031651
"dgp63","coverage","bart_ps-bart",1,"bart","linear_basic",1
"dgp63","ate_estimate","bart_ps-bart",2,"bart","linear_basic",-2.01281513473857
"dgp63","ate_bias","bart_ps-bart",2,"bart","linear_basic",0.0128151347385685
"dgp63","ci_length","bart_ps-bart",2,"bart","linear_basic",0.883589342681685
"dgp63","coverage","bart_ps-bart",2,"bart","linear_basic",1
"dgp63","ate_estimate","bart_ps-bart",3,"bart","linear_basic",-1.54763663992699
"dgp63","ate_bias","bart_ps-bart",3,"bart","linear_basic",-0.452363360073012
"dgp63","ci_length","bart_ps-bart",3,"bart","linear_basic",1.25774152272382
"dgp63","coverage","bart_ps-bart",3,"bart","linear_basic",1
"dgp63","ate_estimate","bart_ps-bart",4,"bart","linear_basic",-2.42529185928724
"dgp63","ate_bias","bart_ps-bart",4,"bart","linear_basic",0.425291859287244
"dgp63","ci_length","bart_ps-bart",4,"bart","linear_basic",0.948325789278509
"dgp63","coverage","bart_ps-bart",4,"bart","linear_basic",1
"dgp63","ate_estimate","bart_ps-bart",5,"bart","linear_basic",-1.75810002411552
"dgp63","ate_bias","bart_ps-bart",5,"bart","linear_basic",-0.241899975884481
"dgp63","ci_length","bart_ps-bart",5,"bart","linear_basic",0.949147705915416
"dgp63","coverage","bart_ps-bart",5,"bart","linear_basic",1
"dgp63","ate_estimate","bart_ps-bart",6,"bart","linear_basic",-2.4951922501074
"dgp63","ate_bias","bart_ps-bart",6,"bart","linear_basic",0.4951922501074
"dgp63","ci_length","bart_ps-bart",6,"bart","linear_basic",1.21583117271946
"dgp63","coverage","bart_ps-bart",6,"bart","linear_basic",1
"dgp63","ate_estimate","bart_ps-bart",7,"bart","linear_basic",-2.1912225301284
"dgp63","ate_bias","bart_ps-bart",7,"bart","linear_basic",0.191222530128404
"dgp63","ci_length","bart_ps-bart",7,"bart","linear_basic",0.965898155581511
"dgp63","coverage","bart_ps-bart",7,"bart","linear_basic",1
"dgp63","ate_estimate","bart_ps-bart",8,"bart","linear_basic",-1.92105409289592
"dgp63","ate_bias","bart_ps-bart",8,"bart","linear_basic",-0.0789459071040763
"dgp63","ci_length","bart_ps-bart",8,"bart","linear_basic",0.962792762081443
"dgp63","coverage","bart_ps-bart",8,"bart","linear_basic",1
"dgp63","ate_estimate","bart_ps-bart",9,"bart","linear_basic",-2.10715087883237
"dgp63","ate_bias","bart_ps-bart",9,"bart","linear_basic",0.10715087883237
"dgp63","ci_length","bart_ps-bart",9,"bart","linear_basic",1.10130489294267
"dgp63","coverage","bart_ps-bart",9,"bart","linear_basic",1
"dgp63","ate_estimate","bart_ps-bart",10,"bart","linear_basic",-2.2338737094283
"dgp63","ate_bias","bart_ps-bart",10,"bart","linear_basic",0.233873709428295
"dgp63","ci_length","bart_ps-bart",10,"bart","linear_basic",1.01448335713005
"dgp63","coverage","bart_ps-bart",10,"bart","linear_basic",1
"dgp63","ate_estimate","bart_ps-bart",11,"bart","linear_basic",-1.59396684928906
"dgp63","ate_bias","bart_ps-bart",11,"bart","linear_basic",-0.40603315071094
"dgp63","ci_length","bart_ps-bart",11,"bart","linear_basic",0.863541447289449
"dgp63","coverage","bart_ps-bart",11,"bart","linear_basic",1
"dgp63","ate_estimate","bart_ps-bart",12,"bart","linear_basic",-2.39228216453495
"dgp63","ate_bias","bart_ps-bart",12,"bart","linear_basic",0.392282164534953
"dgp63","ci_length","bart_ps-bart",12,"bart","linear_basic",0.935750189208982
"dgp63","coverage","bart_ps-bart",12,"bart","linear_basic",1
"dgp63","ate_estimate","bart_ps-bart",13,"bart","linear_basic",-2.03682507666893
"dgp63","ate_bias","bart_ps-bart",13,"bart","linear_basic",0.0368250766689262
"dgp63","ci_length","bart_ps-bart",13,"bart","linear_basic",0.878690357906592
"dgp63","coverage","bart_ps-bart",13,"bart","linear_basic",1
"dgp63","ate_estimate","bart_ps-bart",14,"bart","linear_basic",-1.64998878004499
"dgp63","ate_bias","bart_ps-bart",14,"bart","linear_basic",-0.350011219955009
"dgp63","ci_length","bart_ps-bart",14,"bart","linear_basic",0.978000260020093
"dgp63","coverage","bart_ps-bart",14,"bart","linear_basic",1
"dgp63","ate_estimate","bart_ps-bart",15,"bart","linear_basic",-1.1866627113519
"dgp63","ate_bias","bart_ps-bart",15,"bart","linear_basic",-0.813337288648098
"dgp63","ci_length","bart_ps-bart",15,"bart","linear_basic",0.768838205480768
"dgp63","coverage","bart_ps-bart",15,"bart","linear_basic",0
"dgp63","ate_estimate","bart_ps-bart",16,"bart","linear_basic",-1.98387895655342
"dgp63","ate_bias","bart_ps-bart",16,"bart","linear_basic",-0.0161210434465811
"dgp63","ci_length","bart_ps-bart",16,"bart","linear_basic",0.929141242025242
"dgp63","coverage","bart_ps-bart",16,"bart","linear_basic",1
"dgp63","ate_estimate","bart_ps-bart",17,"bart","linear_basic",-1.98547923371366
"dgp63","ate_bias","bart_ps-bart",17,"bart","linear_basic",-0.0145207662863429
"dgp63","ci_length","bart_ps-bart",17,"bart","linear_basic",0.819972924037159
"dgp63","coverage","bart_ps-bart",17,"bart","linear_basic",1
"dgp63","ate_estimate","bart_ps-bart",18,"bart","linear_basic",-1.91124400001116
"dgp63","ate_bias","bart_ps-bart",18,"bart","linear_basic",-0.0887559999888408
"dgp63","ci_length","bart_ps-bart",18,"bart","linear_basic",0.925974881324131
"dgp63","coverage","bart_ps-bart",18,"bart","linear_basic",1
"dgp63","ate_estimate","bart_ps-bart",19,"bart","linear_basic",-2.00027934128137
"dgp63","ate_bias","bart_ps-bart",19,"bart","linear_basic",0.000279341281365308
"dgp63","ci_length","bart_ps-bart",19,"bart","linear_basic",0.740327472535474
"dgp63","coverage","bart_ps-bart",19,"bart","linear_basic",1
"dgp63","ate_estimate","bart_ps-bart",20,"bart","linear_basic",-2.05388310573858
"dgp63","ate_bias","bart_ps-bart",20,"bart","linear_basic",0.0538831057385822
"dgp63","ci_length","bart_ps-bart",20,"bart","linear_basic",1.0173294334474
"dgp63","coverage","bart_ps-bart",20,"bart","linear_basic",1
"dgp64","ate_estimate","bart_ps-bart",1,"bart","linear_basic",4.07376401224192
"dgp64","ate_bias","bart_ps-bart",1,"bart","linear_basic",-0.448764012241923
"dgp64","ci_length","bart_ps-bart",1,"bart","linear_basic",0.675539137035175
"dgp64","coverage","bart_ps-bart",1,"bart","linear_basic",0
"dgp64","ate_estimate","bart_ps-bart",2,"bart","linear_basic",4.12592722046527
"dgp64","ate_bias","bart_ps-bart",2,"bart","linear_basic",-0.500927220465268
"dgp64","ci_length","bart_ps-bart",2,"bart","linear_basic",0.713416182723272
"dgp64","coverage","bart_ps-bart",2,"bart","linear_basic",0
"dgp64","ate_estimate","bart_ps-bart",3,"bart","linear_basic",3.78303138524576
"dgp64","ate_bias","bart_ps-bart",3,"bart","linear_basic",-0.158031385245764
"dgp64","ci_length","bart_ps-bart",3,"bart","linear_basic",0.774105495562502
"dgp64","coverage","bart_ps-bart",3,"bart","linear_basic",1
"dgp64","ate_estimate","bart_ps-bart",4,"bart","linear_basic",3.85701177993846
"dgp64","ate_bias","bart_ps-bart",4,"bart","linear_basic",-0.232011779938464
"dgp64","ci_length","bart_ps-bart",4,"bart","linear_basic",0.733105896712586
"dgp64","coverage","bart_ps-bart",4,"bart","linear_basic",1
"dgp64","ate_estimate","bart_ps-bart",5,"bart","linear_basic",3.643138188262
"dgp64","ate_bias","bart_ps-bart",5,"bart","linear_basic",-0.0181381882620015
"dgp64","ci_length","bart_ps-bart",5,"bart","linear_basic",0.780267561657998
"dgp64","coverage","bart_ps-bart",5,"bart","linear_basic",1
"dgp64","ate_estimate","bart_ps-bart",6,"bart","linear_basic",4.11625877306773
"dgp64","ate_bias","bart_ps-bart",6,"bart","linear_basic",-0.491258773067731
"dgp64","ci_length","bart_ps-bart",6,"bart","linear_basic",0.703337022730686
"dgp64","coverage","bart_ps-bart",6,"bart","linear_basic",0
"dgp64","ate_estimate","bart_ps-bart",7,"bart","linear_basic",3.93193727448966
"dgp64","ate_bias","bart_ps-bart",7,"bart","linear_basic",-0.306937274489656
"dgp64","ci_length","bart_ps-bart",7,"bart","linear_basic",0.697776610447746
"dgp64","coverage","bart_ps-bart",7,"bart","linear_basic",1
"dgp64","ate_estimate","bart_ps-bart",8,"bart","linear_basic",3.96721963757285
"dgp64","ate_bias","bart_ps-bart",8,"bart","linear_basic",-0.342219637572852
"dgp64","ci_length","bart_ps-bart",8,"bart","linear_basic",0.742212774473725
"dgp64","coverage","bart_ps-bart",8,"bart","linear_basic",1
"dgp64","ate_estimate","bart_ps-bart",9,"bart","linear_basic",3.83138373500055
"dgp64","ate_bias","bart_ps-bart",9,"bart","linear_basic",-0.20638373500055
"dgp64","ci_length","bart_ps-bart",9,"bart","linear_basic",0.695771707766979
"dgp64","coverage","bart_ps-bart",9,"bart","linear_basic",1
"dgp64","ate_estimate","bart_ps-bart",10,"bart","linear_basic",4.06967032108488
"dgp64","ate_bias","bart_ps-bart",10,"bart","linear_basic",-0.444670321084883
"dgp64","ci_length","bart_ps-bart",10,"bart","linear_basic",0.712237961538694
"dgp64","coverage","bart_ps-bart",10,"bart","linear_basic",0
"dgp64","ate_estimate","bart_ps-bart",11,"bart","linear_basic",3.94655794001747
"dgp64","ate_bias","bart_ps-bart",11,"bart","linear_basic",-0.321557940017468
"dgp64","ci_length","bart_ps-bart",11,"bart","linear_basic",0.748215425834441
"dgp64","coverage","bart_ps-bart",11,"bart","linear_basic",1
"dgp64","ate_estimate","bart_ps-bart",12,"bart","linear_basic",3.83490444623466
"dgp64","ate_bias","bart_ps-bart",12,"bart","linear_basic",-0.209904446234658
"dgp64","ci_length","bart_ps-bart",12,"bart","linear_basic",0.714926455849512
"dgp64","coverage","bart_ps-bart",12,"bart","linear_basic",1
"dgp64","ate_estimate","bart_ps-bart",13,"bart","linear_basic",4.25350734753143
"dgp64","ate_bias","bart_ps-bart",13,"bart","linear_basic",-0.628507347531435
"dgp64","ci_length","bart_ps-bart",13,"bart","linear_basic",0.705783742594475
"dgp64","coverage","bart_ps-bart",13,"bart","linear_basic",0
"dgp64","ate_estimate","bart_ps-bart",14,"bart","linear_basic",3.75819021830327
"dgp64","ate_bias","bart_ps-bart",14,"bart","linear_basic",-0.133190218303266
"dgp64","ci_length","bart_ps-bart",14,"bart","linear_basic",0.744520923879687
"dgp64","coverage","bart_ps-bart",14,"bart","linear_basic",1
"dgp64","ate_estimate","bart_ps-bart",15,"bart","linear_basic",4.06809567720717
"dgp64","ate_bias","bart_ps-bart",15,"bart","linear_basic",-0.443095677207171
"dgp64","ci_length","bart_ps-bart",15,"bart","linear_basic",0.713660482732418
"dgp64","coverage","bart_ps-bart",15,"bart","linear_basic",0
"dgp64","ate_estimate","bart_ps-bart",16,"bart","linear_basic",3.86627941356558
"dgp64","ate_bias","bart_ps-bart",16,"bart","linear_basic",-0.241279413565583
"dgp64","ci_length","bart_ps-bart",16,"bart","linear_basic",0.712715287179101
"dgp64","coverage","bart_ps-bart",16,"bart","linear_basic",1
"dgp64","ate_estimate","bart_ps-bart",17,"bart","linear_basic",3.85419364228384
"dgp64","ate_bias","bart_ps-bart",17,"bart","linear_basic",-0.229193642283835
"dgp64","ci_length","bart_ps-bart",17,"bart","linear_basic",0.717932376951671
"dgp64","coverage","bart_ps-bart",17,"bart","linear_basic",1
"dgp64","ate_estimate","bart_ps-bart",18,"bart","linear_basic",3.77716435630954
"dgp64","ate_bias","bart_ps-bart",18,"bart","linear_basic",-0.152164356309545
"dgp64","ci_length","bart_ps-bart",18,"bart","linear_basic",0.718331282791663
"dgp64","coverage","bart_ps-bart",18,"bart","linear_basic",1
"dgp64","ate_estimate","bart_ps-bart",19,"bart","linear_basic",3.74537342004279
"dgp64","ate_bias","bart_ps-bart",19,"bart","linear_basic",-0.120373420042795
"dgp64","ci_length","bart_ps-bart",19,"bart","linear_basic",0.702695064140582
"dgp64","coverage","bart_ps-bart",19,"bart","linear_basic",1
"dgp64","ate_estimate","bart_ps-bart",20,"bart","linear_basic",4.10635273862456
"dgp64","ate_bias","bart_ps-bart",20,"bart","linear_basic",-0.48135273862456
"dgp64","ci_length","bart_ps-bart",20,"bart","linear_basic",0.732596567413161
"dgp64","coverage","bart_ps-bart",20,"bart","linear_basic",0
